variant_id,task,method,lm_window_length,lm_slide_length,lm_top_split,lm_skip,lm_stem_length,lm_prune,lm_likelihood_weight,lm_prior_weight,lm_length_penalty,corpus_filename,result_filename,accuracy,f1,status,source_csv,precision,recall,f_score,resolved_result_file,metric_source
v1,analogy,frequent-ngram,2,2,1,2,7,100,0.15,0.85,none,resources/text//intrinsic/175838085.txt,resources/results/skip/frequent-ngram/intrinsic/skip//240-2-733130507.xml,0.0166953281743,,found,resources/results/reviewer1/comment1-analogy-frequent-ngram.csv,,,657292.746348,/run/media/wolf/KIOXIA/SentencePartitioning/resources/results/skip/frequent-ngram/intrinsic/skip/240-2-733130507.xml,result_file
v2,analogy,frequent-ngram,2,2,3,2,7,100,0.15,0.85,none,resources/text//intrinsic/175838771.txt,resources/results/skip/frequent-ngram/intrinsic/skip//240-2-392817383.xml,0.0173402120952,,found,resources/results/reviewer1/comment1-analogy-frequent-ngram.csv,,,646723.35909,/run/media/wolf/KIOXIA/SentencePartitioning/resources/results/skip/frequent-ngram/intrinsic/skip/240-2-392817383.xml,result_file
v3,analogy,frequent-ngram,2,2,5,2,7,100,0.15,0.85,none,resources/text//intrinsic/175839457.txt,resources/results/skip/frequent-ngram/intrinsic/skip//240-2-52504259.xml,0.0166236744053,,found,resources/results/reviewer1/comment1-analogy-frequent-ngram.csv,,,648178.536816,/run/media/wolf/KIOXIA/SentencePartitioning/resources/results/skip/frequent-ngram/intrinsic/skip/240-2-52504259.xml,result_file
v4,analogy,frequent-ngram,3,3,1,3,7,100,0.15,0.85,none,resources/text//intrinsic/175840542.txt,resources/results/skip/frequent-ngram/intrinsic/skip//240-3-2012347133.xml,0.0175551734021,,found,resources/results/reviewer1/comment1-analogy-frequent-ngram.csv,,,671727.493611,/run/media/wolf/KIOXIA/SentencePartitioning/resources/results/skip/frequent-ngram/intrinsic/skip/240-3-2012347133.xml,result_file
v5,analogy,frequent-ngram,3,3,3,3,7,100,0.15,0.85,none,resources/text//intrinsic/175841228.txt,resources/results/skip/frequent-ngram/intrinsic/skip//240-3-1672034009.xml,0.0171969045572,,found,resources/results/reviewer1/comment1-analogy-frequent-ngram.csv,,,652080.356919,/run/media/wolf/KIOXIA/SentencePartitioning/resources/results/skip/frequent-ngram/intrinsic/skip/240-3-1672034009.xml,result_file
v6,analogy,frequent-ngram,3,3,5,3,7,100,0.15,0.85,none,resources/text//intrinsic/175841914.txt,resources/results/skip/frequent-ngram/intrinsic/skip//240-3-1331720885.xml,0.0164087130983,,found,resources/results/reviewer1/comment1-analogy-frequent-ngram.csv,,,634982.837867,/run/media/wolf/KIOXIA/SentencePartitioning/resources/results/skip/frequent-ngram/intrinsic/skip/240-3-1331720885.xml,result_file
v7,analogy,frequent-ngram,4,4,1,4,7,100,0.15,0.85,none,resources/text//intrinsic/175842999.txt,resources/results/skip/frequent-ngram/intrinsic/skip//240-4--1003403537.xml,0.0174835196331,,found,resources/results/reviewer1/comment1-analogy-frequent-ngram.csv,,,665964.414687,/run/media/wolf/KIOXIA/SentencePartitioning/resources/results/skip/frequent-ngram/intrinsic/skip/240-4--1003403537.xml,result_file
v8,analogy,frequent-ngram,4,4,3,4,7,100,0.15,0.85,none,resources/text//intrinsic/175843685.txt,resources/results/skip/frequent-ngram/intrinsic/skip//240-4--1343716661.xml,0.0166236744053,,found,resources/results/reviewer1/comment1-analogy-frequent-ngram.csv,,,704919.473881,/run/media/wolf/KIOXIA/SentencePartitioning/resources/results/skip/frequent-ngram/intrinsic/skip/240-4--1343716661.xml,result_file
v9,analogy,frequent-ngram,4,4,5,4,7,100,0.15,0.85,none,resources/text//intrinsic/175844371.txt,resources/results/skip/frequent-ngram/intrinsic/skip//240-4--1684029785.xml,0.0161220980224,,found,resources/results/reviewer1/comment1-analogy-frequent-ngram.csv,,,657691.41354,/run/media/wolf/KIOXIA/SentencePartitioning/resources/results/skip/frequent-ngram/intrinsic/skip/240-4--1684029785.xml,result_file
v1,analogy,lm-lemma,2,2,1,2,7,100,0.15,0.85,none,resources/text//intrinsic/-1392569637.txt,resources/results/skip/lm-lemma/intrinsic/skip//240-2-1659686289.xml,0.0308827744339,,found,resources/results/reviewer1/comment1-analogy-lm-lemma.csv,,,2193990.42921,/run/media/wolf/KIOXIA/SentencePartitioning/resources/results/skip/lm-lemma/intrinsic/skip/240-2-1659686289.xml,result_file
v2,analogy,lm-lemma,2,2,3,2,7,100,0.15,0.85,none,resources/text//intrinsic/-1392568951.txt,resources/results/skip/lm-lemma/intrinsic/skip//240-2-1319373165.xml,0.0298796216681,,found,resources/results/reviewer1/comment1-analogy-lm-lemma.csv,,,2202530.10704,/run/media/wolf/KIOXIA/SentencePartitioning/resources/results/skip/lm-lemma/intrinsic/skip/240-2-1319373165.xml,result_file
v3,analogy,lm-lemma,2,2,5,2,7,100,0.15,0.85,none,resources/text//intrinsic/-1392568265.txt,resources/results/skip/lm-lemma/intrinsic/skip//240-2-979060041.xml,0.0299512754371,,found,resources/results/reviewer1/comment1-analogy-lm-lemma.csv,,,2208362.58609,/run/media/wolf/KIOXIA/SentencePartitioning/resources/results/skip/lm-lemma/intrinsic/skip/240-2-979060041.xml,result_file
v4,analogy,lm-lemma,3,3,1,3,7,100,0.15,0.85,none,resources/text//intrinsic/-1392567180.txt,resources/results/skip/lm-lemma/intrinsic/skip//240-3--1356064381.xml,0.030381198051,,found,resources/results/reviewer1/comment1-analogy-lm-lemma.csv,,,2268142.06758,/run/media/wolf/KIOXIA/SentencePartitioning/resources/results/skip/lm-lemma/intrinsic/skip/240-3--1356064381.xml,result_file
v5,analogy,lm-lemma,3,3,3,3,7,100,0.15,0.85,none,resources/text//intrinsic/-1392566494.txt,resources/results/skip/lm-lemma/intrinsic/skip//240-3--1696377505.xml,0.0317426196618,,found,resources/results/reviewer1/comment1-analogy-lm-lemma.csv,,,2325084.23434,/run/media/wolf/KIOXIA/SentencePartitioning/resources/results/skip/lm-lemma/intrinsic/skip/240-3--1696377505.xml,result_file
v6,analogy,lm-lemma,3,3,5,3,7,100,0.15,0.85,none,resources/text//intrinsic/-1392565808.txt,resources/results/skip/lm-lemma/intrinsic/skip//240-3--2036690629.xml,0.0310260819719,,found,resources/results/reviewer1/comment1-analogy-lm-lemma.csv,,,2305233.22914,/run/media/wolf/KIOXIA/SentencePartitioning/resources/results/skip/lm-lemma/intrinsic/skip/240-3--2036690629.xml,result_file
v7,analogy,lm-lemma,4,4,1,4,7,100,0.15,0.85,none,resources/text//intrinsic/-1392564723.txt,resources/results/skip/lm-lemma/intrinsic/skip//240-4--76847755.xml,0.030739466896,,found,resources/results/reviewer1/comment1-analogy-lm-lemma.csv,,,2181106.44319,/run/media/wolf/KIOXIA/SentencePartitioning/resources/results/skip/lm-lemma/intrinsic/skip/240-4--76847755.xml,result_file
v8,analogy,lm-lemma,4,4,3,4,7,100,0.15,0.85,none,resources/text//intrinsic/-1392564037.txt,resources/results/skip/lm-lemma/intrinsic/skip//240-4--417160879.xml,0.03045285182,,found,resources/results/reviewer1/comment1-analogy-lm-lemma.csv,,,2110385.36503,/run/media/wolf/KIOXIA/SentencePartitioning/resources/results/skip/lm-lemma/intrinsic/skip/240-4--417160879.xml,result_file
v9,analogy,lm-lemma,4,4,5,4,7,100,0.15,0.85,none,resources/text//intrinsic/-1392563351.txt,resources/results/skip/lm-lemma/intrinsic/skip//240-4--757474003.xml,0.0308827744339,,found,resources/results/reviewer1/comment1-analogy-lm-lemma.csv,,,2174198.72136,/run/media/wolf/KIOXIA/SentencePartitioning/resources/results/skip/lm-lemma/intrinsic/skip/240-4--757474003.xml,result_file
v10,analogy,lm-lemma,3,3,3,3,7,100,0.0,1.0,none,resources/text//intrinsic/-2079644288.txt,resources/results/skip/lm-lemma/intrinsic/skip//240-3-1242594459.xml,0.0312410432789,,found,resources/results/reviewer1/comment1-analogy-lm-lemma.csv,,,2370238.49742,/run/media/wolf/KIOXIA/SentencePartitioning/resources/results/skip/lm-lemma/intrinsic/skip/240-3-1242594459.xml,result_file
v11,analogy,lm-lemma,3,3,3,3,7,100,0.0,1.0,inverse_parts,resources/text//intrinsic/-1747506257.txt,resources/results/skip/lm-lemma/intrinsic/skip//240-3-1922520633.xml,0.0317426196618,,found,resources/results/reviewer1/comment1-analogy-lm-lemma.csv,,,2337865.74989,/run/media/wolf/KIOXIA/SentencePartitioning/resources/results/skip/lm-lemma/intrinsic/skip/240-3-1922520633.xml,result_file
v12,analogy,lm-lemma,3,3,3,3,7,100,0.0,1.0,inverse_sqrt_parts,resources/text//intrinsic/1689808136.txt,resources/results/skip/lm-lemma/intrinsic/skip//240-3-1599431083.xml,0.0315276583548,,found,resources/results/reviewer1/comment1-analogy-lm-lemma.csv,,,2387839.32243,/run/media/wolf/KIOXIA/SentencePartitioning/resources/results/skip/lm-lemma/intrinsic/skip/240-3-1599431083.xml,result_file
v13,analogy,lm-lemma,3,3,3,3,7,100,0.0,1.0,inverse_log_parts,resources/text//intrinsic/1363077970.txt,resources/results/skip/lm-lemma/intrinsic/skip//240-3--977129025.xml,0.0325308111207,,found,resources/results/reviewer1/comment1-analogy-lm-lemma.csv,,,2248652.69941,/run/media/wolf/KIOXIA/SentencePartitioning/resources/results/skip/lm-lemma/intrinsic/skip/240-3--977129025.xml,result_file
v14,analogy,lm-lemma,3,3,3,3,7,100,0.05,0.95,none,resources/text//intrinsic/941152357.txt,resources/results/skip/lm-lemma/intrinsic/skip//240-3--1305666523.xml,0.0315993121238,,found,resources/results/reviewer1/comment1-analogy-lm-lemma.csv,,,2423340.05039,/run/media/wolf/KIOXIA/SentencePartitioning/resources/results/skip/lm-lemma/intrinsic/skip/240-3--1305666523.xml,result_file
v15,analogy,lm-lemma,3,3,3,3,7,100,0.05,0.95,inverse_parts,resources/text//intrinsic/1273290388.txt,resources/results/skip/lm-lemma/intrinsic/skip//240-3--625740349.xml,0.0317426196618,,found,resources/results/reviewer1/comment1-analogy-lm-lemma.csv,,,2368754.59284,/run/media/wolf/KIOXIA/SentencePartitioning/resources/results/skip/lm-lemma/intrinsic/skip/240-3--625740349.xml,result_file
v16,analogy,lm-lemma,3,3,3,3,7,100,0.05,0.95,inverse_sqrt_parts,resources/text//intrinsic/415637485.txt,resources/results/skip/lm-lemma/intrinsic/skip//240-3--948829899.xml,0.030667813127,,found,resources/results/reviewer1/comment1-analogy-lm-lemma.csv,,,2342327.28096,/run/media/wolf/KIOXIA/SentencePartitioning/resources/results/skip/lm-lemma/intrinsic/skip/240-3--948829899.xml,result_file
v17,analogy,lm-lemma,3,3,3,3,7,100,0.05,0.95,inverse_log_parts,resources/text//intrinsic/88907319.txt,resources/results/skip/lm-lemma/intrinsic/skip//240-3-769577289.xml,0.0323875035827,,found,resources/results/reviewer1/comment1-analogy-lm-lemma.csv,,,2317651.48202,/run/media/wolf/KIOXIA/SentencePartitioning/resources/results/skip/lm-lemma/intrinsic/skip/240-3-769577289.xml,result_file
v18,analogy,lm-lemma,3,3,3,3,7,100,0.15,0.85,inverse_parts,resources/text//intrinsic/2119117743.txt,resources/results/skip/lm-lemma/intrinsic/skip//240-3-1770477113.xml,0.030524505589,,found,resources/results/reviewer1/comment1-analogy-lm-lemma.csv,,,2286276.86672,/run/media/wolf/KIOXIA/SentencePartitioning/resources/results/skip/lm-lemma/intrinsic/skip/240-3-1770477113.xml,result_file
v19,analogy,lm-lemma,3,3,3,3,7,100,0.15,0.85,inverse_sqrt_parts,resources/text//intrinsic/1261464840.txt,resources/results/skip/lm-lemma/intrinsic/skip//240-3-1447387563.xml,0.0320292347377,,found,resources/results/reviewer1/comment1-analogy-lm-lemma.csv,,,2353200.74713,/run/media/wolf/KIOXIA/SentencePartitioning/resources/results/skip/lm-lemma/intrinsic/skip/240-3-1447387563.xml,result_file
v20,analogy,lm-lemma,3,3,3,3,7,100,0.15,0.85,inverse_log_parts,resources/text//intrinsic/934734674.txt,resources/results/skip/lm-lemma/intrinsic/skip//240-3--1129172545.xml,0.0308827744339,,found,resources/results/reviewer1/comment1-analogy-lm-lemma.csv,,,2471334.70842,/run/media/wolf/KIOXIA/SentencePartitioning/resources/results/skip/lm-lemma/intrinsic/skip/240-3--1129172545.xml,result_file
v21,analogy,lm-lemma,3,3,3,3,7,100,0.3,0.7,none,resources/text//intrinsic/-1782897280.txt,resources/results/skip/lm-lemma/intrinsic/skip//240-3--781157221.xml,0.0314560045858,,found,resources/results/reviewer1/comment1-analogy-lm-lemma.csv,,,2361867.43464,/run/media/wolf/KIOXIA/SentencePartitioning/resources/results/skip/lm-lemma/intrinsic/skip/240-3--781157221.xml,result_file
v22,analogy,lm-lemma,3,3,3,3,7,100,0.3,0.7,inverse_parts,resources/text//intrinsic/-1450759249.txt,resources/results/skip/lm-lemma/intrinsic/skip//240-3--101231047.xml,0.0311693895099,,found,resources/results/reviewer1/comment1-analogy-lm-lemma.csv,,,2428059.98563,/run/media/wolf/KIOXIA/SentencePartitioning/resources/results/skip/lm-lemma/intrinsic/skip/240-3--101231047.xml,result_file
v23,analogy,lm-lemma,3,3,3,3,7,100,0.3,0.7,inverse_sqrt_parts,resources/text//intrinsic/1986555144.txt,resources/results/skip/lm-lemma/intrinsic/skip//240-3--424320597.xml,0.0321725422757,,found,resources/results/reviewer1/comment1-analogy-lm-lemma.csv,,,2399729.74451,/run/media/wolf/KIOXIA/SentencePartitioning/resources/results/skip/lm-lemma/intrinsic/skip/240-3--424320597.xml,result_file
v24,analogy,lm-lemma,3,3,3,3,7,100,0.3,0.7,inverse_log_parts,resources/text//intrinsic/1659824978.txt,resources/results/skip/lm-lemma/intrinsic/skip//240-3-1294086591.xml,0.0310977357409,,found,resources/results/reviewer1/comment1-analogy-lm-lemma.csv,,,2295770.87708,/run/media/wolf/KIOXIA/SentencePartitioning/resources/results/skip/lm-lemma/intrinsic/skip/240-3-1294086591.xml,result_file
v25,analogy,lm-lemma,3,3,3,3,7,100,0.5,0.5,none,resources/text//intrinsic/-1189403264.txt,resources/results/skip/lm-lemma/intrinsic/skip//240-3--533693285.xml,0.0310977357409,,found,resources/results/reviewer1/comment1-analogy-lm-lemma.csv,,,2254452.95095,/run/media/wolf/KIOXIA/SentencePartitioning/resources/results/skip/lm-lemma/intrinsic/skip/240-3--533693285.xml,result_file
v26,analogy,lm-lemma,3,3,3,3,7,100,0.5,0.5,inverse_parts,resources/text//intrinsic/-857265233.txt,resources/results/skip/lm-lemma/intrinsic/skip//240-3-146232889.xml,0.0326024648897,,found,resources/results/reviewer1/comment1-analogy-lm-lemma.csv,,,2425076.04129,/run/media/wolf/KIOXIA/SentencePartitioning/resources/results/skip/lm-lemma/intrinsic/skip/240-3-146232889.xml,result_file
v27,analogy,lm-lemma,3,3,3,3,7,100,0.5,0.5,inverse_sqrt_parts,resources/text//intrinsic/-1714918136.txt,resources/results/skip/lm-lemma/intrinsic/skip//240-3--176856661.xml,0.0308111206649,,found,resources/results/reviewer1/comment1-analogy-lm-lemma.csv,,,2364670.86046,/run/media/wolf/KIOXIA/SentencePartitioning/resources/results/skip/lm-lemma/intrinsic/skip/240-3--176856661.xml,result_file
v28,analogy,lm-lemma,3,3,3,3,7,100,0.5,0.5,inverse_log_parts,resources/text//intrinsic/-2041648302.txt,resources/results/skip/lm-lemma/intrinsic/skip//240-3-1541550527.xml,0.0317426196618,,found,resources/results/reviewer1/comment1-analogy-lm-lemma.csv,,,2368851.95962,/run/media/wolf/KIOXIA/SentencePartitioning/resources/results/skip/lm-lemma/intrinsic/skip/240-3-1541550527.xml,result_file
v1,analogy,lm-rank,2,2,1,2,7,100,0.15,0.85,none,resources/text//intrinsic/249431159.txt,resources/results/skip/lm-rank/intrinsic/skip//240-2--1826068211.xml,0.000143307537976,,found,resources/results/reviewer1/comment1-analogy-lm-rank.csv,,,732253.847446,/run/media/wolf/KIOXIA/SentencePartitioning/resources/results/skip/lm-rank/intrinsic/skip/240-2--1826068211.xml,result_file
v2,analogy,lm-rank,2,2,3,2,7,100,0.15,0.85,none,resources/text//intrinsic/249431845.txt,resources/results/skip/lm-rank/intrinsic/skip//240-2-2128585961.xml,0.000644883920894,,found,resources/results/reviewer1/comment1-analogy-lm-rank.csv,,,0.0384814901893,/run/media/wolf/KIOXIA/SentencePartitioning/resources/results/skip/lm-rank/intrinsic/skip/240-2-2128585961.xml,result_file
v3,analogy,lm-rank,2,2,5,2,7,100,0.15,0.85,none,resources/text//intrinsic/249432531.txt,resources/results/skip/lm-rank/intrinsic/skip//240-2-1788272837.xml,0.00186299799369,,found,resources/results/reviewer1/comment1-analogy-lm-rank.csv,,,0.0384216177567,/run/media/wolf/KIOXIA/SentencePartitioning/resources/results/skip/lm-rank/intrinsic/skip/240-2-1788272837.xml,result_file
v4,analogy,lm-rank,3,3,1,3,7,100,0.15,0.85,none,resources/text//intrinsic/249433616.txt,resources/results/skip/lm-rank/intrinsic/skip//240-3--546851585.xml,0.000143307537976,,found,resources/results/reviewer1/comment1-analogy-lm-rank.csv,,,727136.073811,/run/media/wolf/KIOXIA/SentencePartitioning/resources/results/skip/lm-rank/intrinsic/skip/240-3--546851585.xml,result_file
v5,analogy,lm-rank,3,3,3,3,7,100,0.15,0.85,none,resources/text//intrinsic/249434302.txt,resources/results/skip/lm-rank/intrinsic/skip//240-3--887164709.xml,0.000214961306965,,found,resources/results/reviewer1/comment1-analogy-lm-rank.csv,,,0.0325848048024,/run/media/wolf/KIOXIA/SentencePartitioning/resources/results/skip/lm-rank/intrinsic/skip/240-3--887164709.xml,result_file
v6,analogy,lm-rank,3,3,5,3,7,100,0.15,0.85,none,resources/text//intrinsic/249434988.txt,resources/results/skip/lm-rank/intrinsic/skip//240-3--1227477833.xml,0.00150472914875,,found,resources/results/reviewer1/comment1-analogy-lm-rank.csv,,,0.0349060855424,/run/media/wolf/KIOXIA/SentencePartitioning/resources/results/skip/lm-rank/intrinsic/skip/240-3--1227477833.xml,result_file
v7,analogy,lm-rank,4,4,1,4,7,100,0.15,0.85,none,resources/text//intrinsic/249436073.txt,resources/results/skip/lm-rank/intrinsic/skip//240-4-732365041.xml,0.000214961306965,,found,resources/results/reviewer1/comment1-analogy-lm-rank.csv,,,789031.307709,/run/media/wolf/KIOXIA/SentencePartitioning/resources/results/skip/lm-rank/intrinsic/skip/240-4-732365041.xml,result_file
v8,analogy,lm-rank,4,4,3,4,7,100,0.15,0.85,none,resources/text//intrinsic/249436759.txt,resources/results/skip/lm-rank/intrinsic/skip//240-4-392051917.xml,0.000859845227859,,found,resources/results/reviewer1/comment1-analogy-lm-rank.csv,,,0.033965744993,/run/media/wolf/KIOXIA/SentencePartitioning/resources/results/skip/lm-rank/intrinsic/skip/240-4-392051917.xml,result_file
v9,analogy,lm-rank,4,4,5,4,7,100,0.15,0.85,none,resources/text//intrinsic/249437445.txt,resources/results/skip/lm-rank/intrinsic/skip//240-4-51738793.xml,0.000788191458871,,found,resources/results/reviewer1/comment1-analogy-lm-rank.csv,,,0.0321462266976,/run/media/wolf/KIOXIA/SentencePartitioning/resources/results/skip/lm-rank/intrinsic/skip/240-4-51738793.xml,result_file
v10,analogy,lm-rank,3,3,3,3,7,100,0.0,1.0,none,resources/text//intrinsic/-437643492.txt,resources/results/skip/lm-rank/intrinsic/skip//240-3-2051807255.xml,0.000429922613929,,found,resources/results/reviewer1/comment1-analogy-lm-rank.csv,,,0.0471062885281,/run/media/wolf/KIOXIA/SentencePartitioning/resources/results/skip/lm-rank/intrinsic/skip/240-3-2051807255.xml,result_file
v11,analogy,lm-rank,3,3,3,3,7,100,0.0,1.0,inverse_parts,resources/text//intrinsic/-105505461.txt,resources/results/skip/lm-rank/intrinsic/skip//240-3--1563233867.xml,0.000358268844941,,found,resources/results/reviewer1/comment1-analogy-lm-rank.csv,,,0.046974405341,/run/media/wolf/KIOXIA/SentencePartitioning/resources/results/skip/lm-rank/intrinsic/skip/240-3--1563233867.xml,result_file
v12,analogy,lm-rank,3,3,3,3,7,100,0.0,1.0,inverse_sqrt_parts,resources/text//intrinsic/-963158364.txt,resources/results/skip/lm-rank/intrinsic/skip//240-3--1886323417.xml,0.000501576382918,,found,resources/results/reviewer1/comment1-analogy-lm-rank.csv,,,0.0471126425752,/run/media/wolf/KIOXIA/SentencePartitioning/resources/results/skip/lm-rank/intrinsic/skip/240-3--1886323417.xml,result_file
v13,analogy,lm-rank,3,3,3,3,7,100,0.0,1.0,inverse_log_parts,resources/text//intrinsic/-1289888530.txt,resources/results/skip/lm-rank/intrinsic/skip//240-3--167916229.xml,0.000573230151906,,found,resources/results/reviewer1/comment1-analogy-lm-rank.csv,,,0.046991927423,/run/media/wolf/KIOXIA/SentencePartitioning/resources/results/skip/lm-rank/intrinsic/skip/240-3--167916229.xml,result_file
v14,analogy,lm-rank,3,3,3,3,7,100,0.05,0.95,none,resources/text//intrinsic/-1711814143.txt,resources/results/skip/lm-rank/intrinsic/skip//240-3--496453727.xml,0.000214961306965,,found,resources/results/reviewer1/comment1-analogy-lm-rank.csv,,,0.0333919545912,/run/media/wolf/KIOXIA/SentencePartitioning/resources/results/skip/lm-rank/intrinsic/skip/240-3--496453727.xml,result_file
v15,analogy,lm-rank,3,3,3,3,7,100,0.05,0.95,inverse_parts,resources/text//intrinsic/-1379676112.txt,resources/results/skip/lm-rank/intrinsic/skip//240-3-183472447.xml,0.000429922613929,,found,resources/results/reviewer1/comment1-analogy-lm-rank.csv,,,0.0333025551991,/run/media/wolf/KIOXIA/SentencePartitioning/resources/results/skip/lm-rank/intrinsic/skip/240-3-183472447.xml,result_file
v16,analogy,lm-rank,3,3,3,3,7,100,0.05,0.95,inverse_sqrt_parts,resources/text//intrinsic/2057638281.txt,resources/results/skip/lm-rank/intrinsic/skip//240-3--139617103.xml,0.000429922613929,,found,resources/results/reviewer1/comment1-analogy-lm-rank.csv,,,0.0328850789624,/run/media/wolf/KIOXIA/SentencePartitioning/resources/results/skip/lm-rank/intrinsic/skip/240-3--139617103.xml,result_file
v17,analogy,lm-rank,3,3,3,3,7,100,0.05,0.95,inverse_log_parts,resources/text//intrinsic/1730908115.txt,resources/results/skip/lm-rank/intrinsic/skip//240-3-1578790085.xml,0.000429922613929,,found,resources/results/reviewer1/comment1-analogy-lm-rank.csv,,,0.0335247085059,/run/media/wolf/KIOXIA/SentencePartitioning/resources/results/skip/lm-rank/intrinsic/skip/240-3-1578790085.xml,result_file
v18,analogy,lm-rank,3,3,3,3,7,100,0.15,0.85,inverse_parts,resources/text//intrinsic/-533848757.txt,resources/results/skip/lm-rank/intrinsic/skip//240-3--1715277387.xml,0.000358268844941,,found,resources/results/reviewer1/comment1-analogy-lm-rank.csv,,,0.0327811549974,/run/media/wolf/KIOXIA/SentencePartitioning/resources/results/skip/lm-rank/intrinsic/skip/240-3--1715277387.xml,result_file
v19,analogy,lm-rank,3,3,3,3,7,100,0.15,0.85,inverse_sqrt_parts,resources/text//intrinsic/-1391501660.txt,resources/results/skip/lm-rank/intrinsic/skip//240-3--2038366937.xml,0.000358268844941,,found,resources/results/reviewer1/comment1-analogy-lm-rank.csv,,,0.0327825388707,/run/media/wolf/KIOXIA/SentencePartitioning/resources/results/skip/lm-rank/intrinsic/skip/240-3--2038366937.xml,result_file
v20,analogy,lm-rank,3,3,3,3,7,100,0.15,0.85,inverse_log_parts,resources/text//intrinsic/-1718231826.txt,resources/results/skip/lm-rank/intrinsic/skip//240-3--319959749.xml,0.000358268844941,,found,resources/results/reviewer1/comment1-analogy-lm-rank.csv,,,0.0327309072057,/run/media/wolf/KIOXIA/SentencePartitioning/resources/results/skip/lm-rank/intrinsic/skip/240-3--319959749.xml,result_file
v21,analogy,lm-rank,3,3,3,3,7,100,0.3,0.7,none,resources/text//intrinsic/-140896484.txt,resources/results/skip/lm-rank/intrinsic/skip//240-3-28055575.xml,0.000644883920894,,found,resources/results/reviewer1/comment1-analogy-lm-rank.csv,,,0.0335991126411,/run/media/wolf/KIOXIA/SentencePartitioning/resources/results/skip/lm-rank/intrinsic/skip/240-3-28055575.xml,result_file
v22,analogy,lm-rank,3,3,3,3,7,100,0.3,0.7,inverse_parts,resources/text//intrinsic/191241547.txt,resources/results/skip/lm-rank/intrinsic/skip//240-3-707981749.xml,0.000644883920894,,found,resources/results/reviewer1/comment1-analogy-lm-rank.csv,,,0.0335436397603,/run/media/wolf/KIOXIA/SentencePartitioning/resources/results/skip/lm-rank/intrinsic/skip/240-3-707981749.xml,result_file
v23,analogy,lm-rank,3,3,3,3,7,100,0.3,0.7,inverse_sqrt_parts,resources/text//intrinsic/-666411356.txt,resources/results/skip/lm-rank/intrinsic/skip//240-3-384892199.xml,0.000644883920894,,found,resources/results/reviewer1/comment1-analogy-lm-rank.csv,,,0.0335580999312,/run/media/wolf/KIOXIA/SentencePartitioning/resources/results/skip/lm-rank/intrinsic/skip/240-3-384892199.xml,result_file
v24,analogy,lm-rank,3,3,3,3,7,100,0.3,0.7,inverse_log_parts,resources/text//intrinsic/-993141522.txt,resources/results/skip/lm-rank/intrinsic/skip//240-3-2103299387.xml,0.000788191458871,,found,resources/results/reviewer1/comment1-analogy-lm-rank.csv,,,0.0336738567092,/run/media/wolf/KIOXIA/SentencePartitioning/resources/results/skip/lm-rank/intrinsic/skip/240-3-2103299387.xml,result_file
v25,analogy,lm-rank,3,3,3,3,7,100,0.5,0.5,none,resources/text//intrinsic/452597532.txt,resources/results/skip/lm-rank/intrinsic/skip//240-3-275519511.xml,0.000644883920894,,found,resources/results/reviewer1/comment1-analogy-lm-rank.csv,,,0.0354561155306,/run/media/wolf/KIOXIA/SentencePartitioning/resources/results/skip/lm-rank/intrinsic/skip/240-3-275519511.xml,result_file
v26,analogy,lm-rank,3,3,3,3,7,100,0.5,0.5,inverse_parts,resources/text//intrinsic/784735563.txt,resources/results/skip/lm-rank/intrinsic/skip//240-3-955445685.xml,0.000716537689882,,found,resources/results/reviewer1/comment1-analogy-lm-rank.csv,,,0.0353868100956,/run/media/wolf/KIOXIA/SentencePartitioning/resources/results/skip/lm-rank/intrinsic/skip/240-3-955445685.xml,result_file
v27,analogy,lm-rank,3,3,3,3,7,100,0.5,0.5,inverse_sqrt_parts,resources/text//intrinsic/-72917340.txt,resources/results/skip/lm-rank/intrinsic/skip//240-3-632356135.xml,0.000859845227859,,found,resources/results/reviewer1/comment1-analogy-lm-rank.csv,,,0.0354913212466,/run/media/wolf/KIOXIA/SentencePartitioning/resources/results/skip/lm-rank/intrinsic/skip/240-3-632356135.xml,result_file
v28,analogy,lm-rank,3,3,3,3,7,100,0.5,0.5,inverse_log_parts,resources/text//intrinsic/-399647506.txt,resources/results/skip/lm-rank/intrinsic/skip//240-3--1944203973.xml,0.000859845227859,,found,resources/results/reviewer1/comment1-analogy-lm-rank.csv,,,0.0354357752545,/run/media/wolf/KIOXIA/SentencePartitioning/resources/results/skip/lm-rank/intrinsic/skip/240-3--1944203973.xml,result_file
v1,analogy,lm-skip,2,2,1,2,7,100,0.15,0.85,none,resources/text//intrinsic/249470410.txt,resources/results/skip/lm-skip/intrinsic/skip//240-2-1110150456.xml,0.000143307537976,,found,resources/results/reviewer1/comment1-analogy-lm-skip.csv,,,2695025.76269,/run/media/wolf/KIOXIA/SentencePartitioning/resources/results/skip/lm-skip/intrinsic/skip/240-2-1110150456.xml,result_file
v2,analogy,lm-skip,2,2,3,2,7,100,0.15,0.85,none,resources/text//intrinsic/249471096.txt,resources/results/skip/lm-skip/intrinsic/skip//240-2-769837332.xml,0.0200630553167,,found,resources/results/reviewer1/comment1-analogy-lm-skip.csv,,,1448033.17394,/run/media/wolf/KIOXIA/SentencePartitioning/resources/results/skip/lm-skip/intrinsic/skip/240-2-769837332.xml,result_file
v3,analogy,lm-skip,2,2,5,2,7,100,0.15,0.85,none,resources/text//intrinsic/249471782.txt,resources/results/skip/lm-skip/intrinsic/skip//240-2-429524208.xml,0.0161937517913,,found,resources/results/reviewer1/comment1-analogy-lm-skip.csv,,,1135297.77047,/run/media/wolf/KIOXIA/SentencePartitioning/resources/results/skip/lm-skip/intrinsic/skip/240-2-429524208.xml,result_file
v4,analogy,lm-skip,3,3,1,3,7,100,0.15,0.85,none,resources/text//intrinsic/249472867.txt,resources/results/skip/lm-skip/intrinsic/skip//240-3--1905600214.xml,0.000214961306965,,found,resources/results/reviewer1/comment1-analogy-lm-skip.csv,,,2761686.21082,/run/media/wolf/KIOXIA/SentencePartitioning/resources/results/skip/lm-skip/intrinsic/skip/240-3--1905600214.xml,result_file
v5,analogy,lm-skip,3,3,3,3,7,100,0.15,0.85,none,resources/text//intrinsic/249473553.txt,resources/results/skip/lm-skip/intrinsic/skip//240-3-2049053958.xml,0.0205646316996,,found,resources/results/reviewer1/comment1-analogy-lm-skip.csv,,,1455832.45125,/run/media/wolf/KIOXIA/SentencePartitioning/resources/results/skip/lm-skip/intrinsic/skip/240-3-2049053958.xml,result_file
v6,analogy,lm-skip,3,3,5,3,7,100,0.15,0.85,none,resources/text//intrinsic/249474239.txt,resources/results/skip/lm-skip/intrinsic/skip//240-3-1708740834.xml,0.0152622527945,,found,resources/results/reviewer1/comment1-analogy-lm-skip.csv,,,1103588.02279,/run/media/wolf/KIOXIA/SentencePartitioning/resources/results/skip/lm-skip/intrinsic/skip/240-3-1708740834.xml,result_file
v7,analogy,lm-skip,4,4,1,4,7,100,0.15,0.85,none,resources/text//intrinsic/249475324.txt,resources/results/skip/lm-skip/intrinsic/skip//240-4--626383588.xml,0.000143307537976,,found,resources/results/reviewer1/comment1-analogy-lm-skip.csv,,,2746442.09764,/run/media/wolf/KIOXIA/SentencePartitioning/resources/results/skip/lm-skip/intrinsic/skip/240-4--626383588.xml,result_file
v8,analogy,lm-skip,4,4,3,4,7,100,0.15,0.85,none,resources/text//intrinsic/249476010.txt,resources/results/skip/lm-skip/intrinsic/skip//240-4--966696712.xml,0.0207795930066,,found,resources/results/reviewer1/comment1-analogy-lm-skip.csv,,,1355924.13692,/run/media/wolf/KIOXIA/SentencePartitioning/resources/results/skip/lm-skip/intrinsic/skip/240-4--966696712.xml,result_file
v9,analogy,lm-skip,4,4,5,4,7,100,0.15,0.85,none,resources/text//intrinsic/249476696.txt,resources/results/skip/lm-skip/intrinsic/skip//240-4--1307009836.xml,0.0162654055603,,found,resources/results/reviewer1/comment1-analogy-lm-skip.csv,,,1066206.54058,/run/media/wolf/KIOXIA/SentencePartitioning/resources/results/skip/lm-skip/intrinsic/skip/240-4--1307009836.xml,result_file
v1,analogy,lm-subword,2,2,1,2,7,100,0.15,0.85,none,resources/text//intrinsic/74555517.txt,resources/results/skip/lm-subword/intrinsic/skip//240-2-1107668419.xml,0.000214961306965,,found,resources/results/reviewer1/comment1-analogy-lm-subword.csv,,,2673421.70594,/run/media/wolf/KIOXIA/SentencePartitioning/resources/results/skip/lm-subword/intrinsic/skip/240-2-1107668419.xml,result_file
v2,analogy,lm-subword,2,2,3,2,7,100,0.15,0.85,none,resources/text//intrinsic/74556203.txt,resources/results/skip/lm-subword/intrinsic/skip//240-2-767355295.xml,0.0347520779593,,found,resources/results/reviewer1/comment1-analogy-lm-subword.csv,,,-3536.46434977,/run/media/wolf/KIOXIA/SentencePartitioning/resources/results/skip/lm-subword/intrinsic/skip/240-2-767355295.xml,result_file
v3,analogy,lm-subword,2,2,5,2,7,100,0.15,0.85,none,resources/text//intrinsic/74556889.txt,resources/results/skip/lm-subword/intrinsic/skip//240-2-427042171.xml,0.0301662367441,,found,resources/results/reviewer1/comment1-analogy-lm-subword.csv,,,710239.633115,/run/media/wolf/KIOXIA/SentencePartitioning/resources/results/skip/lm-subword/intrinsic/skip/240-2-427042171.xml,result_file
v4,analogy,lm-subword,3,3,1,3,7,100,0.15,0.85,none,resources/text//intrinsic/74557974.txt,resources/results/skip/lm-subword/intrinsic/skip//240-3--1908082251.xml,0.000214961306965,,found,resources/results/reviewer1/comment1-analogy-lm-subword.csv,,,2808155.06663,/run/media/wolf/KIOXIA/SentencePartitioning/resources/results/skip/lm-subword/intrinsic/skip/240-3--1908082251.xml,result_file
v5,analogy,lm-subword,3,3,3,3,7,100,0.15,0.85,none,resources/text//intrinsic/74558660.txt,resources/results/skip/lm-subword/intrinsic/skip//240-3-2046571921.xml,0.0353969618802,,found,resources/results/reviewer1/comment1-analogy-lm-subword.csv,,,1267585.92818,/run/media/wolf/KIOXIA/SentencePartitioning/resources/results/skip/lm-subword/intrinsic/skip/240-3-2046571921.xml,result_file
v6,analogy,lm-subword,3,3,5,3,7,100,0.15,0.85,none,resources/text//intrinsic/74559346.txt,resources/results/skip/lm-subword/intrinsic/skip//240-3-1706258797.xml,0.0288048151333,,found,resources/results/reviewer1/comment1-analogy-lm-subword.csv,,,605542.582645,/run/media/wolf/KIOXIA/SentencePartitioning/resources/results/skip/lm-subword/intrinsic/skip/240-3-1706258797.xml,result_file
v7,analogy,lm-subword,4,4,1,4,7,100,0.15,0.85,none,resources/text//intrinsic/74560431.txt,resources/results/skip/lm-subword/intrinsic/skip//240-4--628865625.xml,0.000286615075953,,found,resources/results/reviewer1/comment1-analogy-lm-subword.csv,,,2791270.88598,/run/media/wolf/KIOXIA/SentencePartitioning/resources/results/skip/lm-subword/intrinsic/skip/240-4--628865625.xml,result_file
v8,analogy,lm-subword,4,4,3,4,7,100,0.15,0.85,none,resources/text//intrinsic/74561117.txt,resources/results/skip/lm-subword/intrinsic/skip//240-4--969178749.xml,0.0377615362568,,found,resources/results/reviewer1/comment1-analogy-lm-subword.csv,,,872016.412255,/run/media/wolf/KIOXIA/SentencePartitioning/resources/results/skip/lm-subword/intrinsic/skip/240-4--969178749.xml,result_file
v9,analogy,lm-subword,4,4,5,4,7,100,0.15,0.85,none,resources/text//intrinsic/74561803.txt,resources/results/skip/lm-subword/intrinsic/skip//240-4--1309491873.xml,0.0292347377472,,found,resources/results/reviewer1/comment1-analogy-lm-subword.csv,,,824283.565257,/run/media/wolf/KIOXIA/SentencePartitioning/resources/results/skip/lm-subword/intrinsic/skip/240-4--1309491873.xml,result_file
v10,analogy,lm-subword,3,3,3,3,7,100,0.15,0.85,none,resources/text//intrinsic/113265181.txt,resources/results/skip/lm-subword/intrinsic/skip//240-3-1040316675.xml,0.0339638865004,,found,resources/results/reviewer1/comment1-analogy-lm-subword.csv,,,1224074.06255,/run/media/wolf/KIOXIA/SentencePartitioning/resources/results/skip/lm-subword/intrinsic/skip/240-3-1040316675.xml,result_file
v11,analogy,lm-subword,3,3,3,3,7,100,0.15,0.85,none,resources/text//intrinsic/117382896.txt,resources/results/skip/lm-subword/intrinsic/skip//240-3-567739113.xml,0.0371166523359,,found,resources/results/reviewer1/comment1-analogy-lm-subword.csv,,,409142.406003,/run/media/wolf/KIOXIA/SentencePartitioning/resources/results/skip/lm-subword/intrinsic/skip/240-3-567739113.xml,result_file
v12,analogy,lm-subword,3,3,3,3,7,100,0.15,0.85,none,resources/text//intrinsic/125618326.txt,resources/results/skip/lm-subword/intrinsic/skip//240-3--377416011.xml,0.0358985382631,,found,resources/results/reviewer1/comment1-analogy-lm-subword.csv,,,1096178.90592,/run/media/wolf/KIOXIA/SentencePartitioning/resources/results/skip/lm-subword/intrinsic/skip/240-3--377416011.xml,result_file
v1,analogy,lm-syllable,2,2,1,2,7,100,0.15,0.85,none,resources/text//intrinsic/1312390923.txt,resources/results/skip/lm-syllable/intrinsic/skip//240-2--502145215.xml,0,,found,resources/results/reviewer1/comment1-analogy-lm-syllable.csv,,,0.438896279627,/run/media/wolf/KIOXIA/SentencePartitioning/resources/results/skip/lm-syllable/intrinsic/skip/240-2--502145215.xml,result_file
v2,analogy,lm-syllable,2,2,3,2,7,100,0.15,0.85,none,resources/text//intrinsic/1312391609.txt,resources/results/skip/lm-syllable/intrinsic/skip//240-2--842458339.xml,0.000788191458871,,found,resources/results/reviewer1/comment1-analogy-lm-syllable.csv,,,0.0693634818349,/run/media/wolf/KIOXIA/SentencePartitioning/resources/results/skip/lm-syllable/intrinsic/skip/240-2--842458339.xml,result_file
v3,analogy,lm-syllable,2,2,5,2,7,100,0.15,0.85,none,resources/text//intrinsic/1312392295.txt,resources/results/skip/lm-syllable/intrinsic/skip//240-2--1182771463.xml,0.00207795930066,,found,resources/results/reviewer1/comment1-analogy-lm-syllable.csv,,,0.0752527469224,/run/media/wolf/KIOXIA/SentencePartitioning/resources/results/skip/lm-syllable/intrinsic/skip/240-2--1182771463.xml,result_file
v4,analogy,lm-syllable,3,3,1,3,7,100,0.15,0.85,none,resources/text//intrinsic/1312393380.txt,resources/results/skip/lm-syllable/intrinsic/skip//240-3-777071411.xml,7.16537689882e-05,,found,resources/results/reviewer1/comment1-analogy-lm-syllable.csv,,,0.438392351944,/run/media/wolf/KIOXIA/SentencePartitioning/resources/results/skip/lm-syllable/intrinsic/skip/240-3-777071411.xml,result_file
v5,analogy,lm-syllable,3,3,3,3,7,100,0.15,0.85,none,resources/text//intrinsic/1312394066.txt,resources/results/skip/lm-syllable/intrinsic/skip//240-3-436758287.xml,0.000788191458871,,found,resources/results/reviewer1/comment1-analogy-lm-syllable.csv,,,0.0693049330047,/run/media/wolf/KIOXIA/SentencePartitioning/resources/results/skip/lm-syllable/intrinsic/skip/240-3-436758287.xml,result_file
v6,analogy,lm-syllable,3,3,5,3,7,100,0.15,0.85,none,resources/text//intrinsic/1312394752.txt,resources/results/skip/lm-syllable/intrinsic/skip//240-3-96445163.xml,0.00207795930066,,found,resources/results/reviewer1/comment1-analogy-lm-syllable.csv,,,0.0755014575286,/run/media/wolf/KIOXIA/SentencePartitioning/resources/results/skip/lm-syllable/intrinsic/skip/240-3-96445163.xml,result_file
v7,analogy,lm-syllable,4,4,1,4,7,100,0.15,0.85,none,resources/text//intrinsic/1312395837.txt,resources/results/skip/lm-syllable/intrinsic/skip//240-4-2056288037.xml,0,,found,resources/results/reviewer1/comment1-analogy-lm-syllable.csv,,,0.439017495738,/run/media/wolf/KIOXIA/SentencePartitioning/resources/results/skip/lm-syllable/intrinsic/skip/240-4-2056288037.xml,result_file
v8,analogy,lm-syllable,4,4,3,4,7,100,0.15,0.85,none,resources/text//intrinsic/1312396523.txt,resources/results/skip/lm-syllable/intrinsic/skip//240-4-1715974913.xml,0.00100315276584,,found,resources/results/reviewer1/comment1-analogy-lm-syllable.csv,,,0.0692461504867,/run/media/wolf/KIOXIA/SentencePartitioning/resources/results/skip/lm-syllable/intrinsic/skip/240-4-1715974913.xml,result_file
v9,analogy,lm-syllable,4,4,5,4,7,100,0.15,0.85,none,resources/text//intrinsic/1312397209.txt,resources/results/skip/lm-syllable/intrinsic/skip//240-4-1375661789.xml,0.00186299799369,,found,resources/results/reviewer1/comment1-analogy-lm-syllable.csv,,,0.0752326739208,/run/media/wolf/KIOXIA/SentencePartitioning/resources/results/skip/lm-syllable/intrinsic/skip/240-4-1375661789.xml,result_file
v1,morphology,frequent-ngram,2,2,1,2,7,100,0.15,0.85,none,resources/evaluation/morphology,resources/results/reviewer1/morphology/comment1-morphology-frequent-ngram-v1-175838085.csv,0.27106,0.345762,found,resources/results/reviewer1/comment1-morphology-frequent-ngram.csv,,,0.345762,/run/media/wolf/KIOXIA/SentencePartitioning/resources/results/reviewer1/morphology/comment1-morphology-frequent-ngram-v1-175838085.csv,index_csv
v2,morphology,frequent-ngram,2,2,3,2,7,100,0.15,0.85,none,resources/evaluation/morphology,resources/results/reviewer1/morphology/comment1-morphology-frequent-ngram-v2-175838771.csv,0.27106,0.345762,found,resources/results/reviewer1/comment1-morphology-frequent-ngram.csv,,,0.345762,/run/media/wolf/KIOXIA/SentencePartitioning/resources/results/reviewer1/morphology/comment1-morphology-frequent-ngram-v2-175838771.csv,index_csv
v3,morphology,frequent-ngram,2,2,5,2,7,100,0.15,0.85,none,resources/evaluation/morphology,resources/results/reviewer1/morphology/comment1-morphology-frequent-ngram-v3-175839457.csv,0.27106,0.345762,found,resources/results/reviewer1/comment1-morphology-frequent-ngram.csv,,,0.345762,/run/media/wolf/KIOXIA/SentencePartitioning/resources/results/reviewer1/morphology/comment1-morphology-frequent-ngram-v3-175839457.csv,index_csv
v4,morphology,frequent-ngram,3,3,1,3,7,100,0.15,0.85,none,resources/evaluation/morphology,resources/results/reviewer1/morphology/comment1-morphology-frequent-ngram-v4-175840542.csv,0.27106,0.345762,found,resources/results/reviewer1/comment1-morphology-frequent-ngram.csv,,,0.345762,/run/media/wolf/KIOXIA/SentencePartitioning/resources/results/reviewer1/morphology/comment1-morphology-frequent-ngram-v4-175840542.csv,index_csv
v5,morphology,frequent-ngram,3,3,3,3,7,100,0.15,0.85,none,resources/evaluation/morphology,resources/results/reviewer1/morphology/comment1-morphology-frequent-ngram-v5-175841228.csv,0.27106,0.345762,found,resources/results/reviewer1/comment1-morphology-frequent-ngram.csv,,,0.345762,/run/media/wolf/KIOXIA/SentencePartitioning/resources/results/reviewer1/morphology/comment1-morphology-frequent-ngram-v5-175841228.csv,index_csv
v6,morphology,frequent-ngram,3,3,5,3,7,100,0.15,0.85,none,resources/evaluation/morphology,resources/results/reviewer1/morphology/comment1-morphology-frequent-ngram-v6-175841914.csv,0.27106,0.345762,found,resources/results/reviewer1/comment1-morphology-frequent-ngram.csv,,,0.345762,/run/media/wolf/KIOXIA/SentencePartitioning/resources/results/reviewer1/morphology/comment1-morphology-frequent-ngram-v6-175841914.csv,index_csv
v7,morphology,frequent-ngram,4,4,1,4,7,100,0.15,0.85,none,resources/evaluation/morphology,resources/results/reviewer1/morphology/comment1-morphology-frequent-ngram-v7-175842999.csv,0.27106,0.345762,found,resources/results/reviewer1/comment1-morphology-frequent-ngram.csv,,,0.345762,/run/media/wolf/KIOXIA/SentencePartitioning/resources/results/reviewer1/morphology/comment1-morphology-frequent-ngram-v7-175842999.csv,index_csv
v8,morphology,frequent-ngram,4,4,3,4,7,100,0.15,0.85,none,resources/evaluation/morphology,resources/results/reviewer1/morphology/comment1-morphology-frequent-ngram-v8-175843685.csv,0.27106,0.345762,found,resources/results/reviewer1/comment1-morphology-frequent-ngram.csv,,,0.345762,/run/media/wolf/KIOXIA/SentencePartitioning/resources/results/reviewer1/morphology/comment1-morphology-frequent-ngram-v8-175843685.csv,index_csv
v9,morphology,frequent-ngram,4,4,5,4,7,100,0.15,0.85,none,resources/evaluation/morphology,resources/results/reviewer1/morphology/comment1-morphology-frequent-ngram-v9-175844371.csv,0.27106,0.345762,found,resources/results/reviewer1/comment1-morphology-frequent-ngram.csv,,,0.345762,/run/media/wolf/KIOXIA/SentencePartitioning/resources/results/reviewer1/morphology/comment1-morphology-frequent-ngram-v9-175844371.csv,index_csv
v1,morphology,lm-lemma,2,2,1,2,7,100,0.15,0.85,none,resources/evaluation/morphology,resources/results/reviewer1/morphology/comment1-morphology-lm-lemma-v1--1392569637.csv,0.428374,0.475877,found,resources/results/reviewer1/comment1-morphology-lm-lemma.csv,,,0.475877,/run/media/wolf/KIOXIA/SentencePartitioning/resources/results/reviewer1/morphology/comment1-morphology-lm-lemma-v1--1392569637.csv,index_csv
v2,morphology,lm-lemma,2,2,3,2,7,100,0.15,0.85,none,resources/evaluation/morphology,resources/results/reviewer1/morphology/comment1-morphology-lm-lemma-v2--1392568951.csv,0.428374,0.475877,found,resources/results/reviewer1/comment1-morphology-lm-lemma.csv,,,0.475877,/run/media/wolf/KIOXIA/SentencePartitioning/resources/results/reviewer1/morphology/comment1-morphology-lm-lemma-v2--1392568951.csv,index_csv
v3,morphology,lm-lemma,2,2,5,2,7,100,0.15,0.85,none,resources/evaluation/morphology,resources/results/reviewer1/morphology/comment1-morphology-lm-lemma-v3--1392568265.csv,0.428374,0.475877,found,resources/results/reviewer1/comment1-morphology-lm-lemma.csv,,,0.475877,/run/media/wolf/KIOXIA/SentencePartitioning/resources/results/reviewer1/morphology/comment1-morphology-lm-lemma-v3--1392568265.csv,index_csv
v4,morphology,lm-lemma,3,3,1,3,7,100,0.15,0.85,none,resources/evaluation/morphology,resources/results/reviewer1/morphology/comment1-morphology-lm-lemma-v4--1392567180.csv,0.428374,0.475877,found,resources/results/reviewer1/comment1-morphology-lm-lemma.csv,,,0.475877,/run/media/wolf/KIOXIA/SentencePartitioning/resources/results/reviewer1/morphology/comment1-morphology-lm-lemma-v4--1392567180.csv,index_csv
v5,morphology,lm-lemma,3,3,3,3,7,100,0.15,0.85,none,resources/evaluation/morphology,resources/results/reviewer1/morphology/comment1-morphology-lm-lemma-v5--1392566494.csv,0.428374,0.475877,found,resources/results/reviewer1/comment1-morphology-lm-lemma.csv,,,0.475877,/run/media/wolf/KIOXIA/SentencePartitioning/resources/results/reviewer1/morphology/comment1-morphology-lm-lemma-v5--1392566494.csv,index_csv
v6,morphology,lm-lemma,3,3,5,3,7,100,0.15,0.85,none,resources/evaluation/morphology,resources/results/reviewer1/morphology/comment1-morphology-lm-lemma-v6--1392565808.csv,0.428374,0.475877,found,resources/results/reviewer1/comment1-morphology-lm-lemma.csv,,,0.475877,/run/media/wolf/KIOXIA/SentencePartitioning/resources/results/reviewer1/morphology/comment1-morphology-lm-lemma-v6--1392565808.csv,index_csv
v7,morphology,lm-lemma,4,4,1,4,7,100,0.15,0.85,none,resources/evaluation/morphology,resources/results/reviewer1/morphology/comment1-morphology-lm-lemma-v7--1392564723.csv,0.428374,0.475877,found,resources/results/reviewer1/comment1-morphology-lm-lemma.csv,,,0.475877,/run/media/wolf/KIOXIA/SentencePartitioning/resources/results/reviewer1/morphology/comment1-morphology-lm-lemma-v7--1392564723.csv,index_csv
v8,morphology,lm-lemma,4,4,3,4,7,100,0.15,0.85,none,resources/evaluation/morphology,resources/results/reviewer1/morphology/comment1-morphology-lm-lemma-v8--1392564037.csv,0.428374,0.475877,found,resources/results/reviewer1/comment1-morphology-lm-lemma.csv,,,0.475877,/run/media/wolf/KIOXIA/SentencePartitioning/resources/results/reviewer1/morphology/comment1-morphology-lm-lemma-v8--1392564037.csv,index_csv
v9,morphology,lm-lemma,4,4,5,4,7,100,0.15,0.85,none,resources/evaluation/morphology,resources/results/reviewer1/morphology/comment1-morphology-lm-lemma-v9--1392563351.csv,0.428374,0.475877,found,resources/results/reviewer1/comment1-morphology-lm-lemma.csv,,,0.475877,/run/media/wolf/KIOXIA/SentencePartitioning/resources/results/reviewer1/morphology/comment1-morphology-lm-lemma-v9--1392563351.csv,index_csv
v10,morphology,lm-lemma,3,3,3,3,7,100,0.0,1.0,none,resources/evaluation/morphology,resources/results/reviewer1/morphology/comment1-morphology-lm-lemma-v10--2079644288.csv,0.428374,0.475877,found,resources/results/reviewer1/comment1-morphology-lm-lemma.csv,,,0.475877,/run/media/wolf/KIOXIA/SentencePartitioning/resources/results/reviewer1/morphology/comment1-morphology-lm-lemma-v10--2079644288.csv,index_csv
v11,morphology,lm-lemma,3,3,3,3,7,100,0.0,1.0,inverse_parts,resources/evaluation/morphology,resources/results/reviewer1/morphology/comment1-morphology-lm-lemma-v11--1747506257.csv,0.428374,0.475877,found,resources/results/reviewer1/comment1-morphology-lm-lemma.csv,,,0.475877,/run/media/wolf/KIOXIA/SentencePartitioning/resources/results/reviewer1/morphology/comment1-morphology-lm-lemma-v11--1747506257.csv,index_csv
v12,morphology,lm-lemma,3,3,3,3,7,100,0.0,1.0,inverse_sqrt_parts,resources/evaluation/morphology,resources/results/reviewer1/morphology/comment1-morphology-lm-lemma-v12-1689808136.csv,0.428374,0.475877,found,resources/results/reviewer1/comment1-morphology-lm-lemma.csv,,,0.475877,/run/media/wolf/KIOXIA/SentencePartitioning/resources/results/reviewer1/morphology/comment1-morphology-lm-lemma-v12-1689808136.csv,index_csv
v13,morphology,lm-lemma,3,3,3,3,7,100,0.0,1.0,inverse_log_parts,resources/evaluation/morphology,resources/results/reviewer1/morphology/comment1-morphology-lm-lemma-v13-1363077970.csv,0.428374,0.475877,found,resources/results/reviewer1/comment1-morphology-lm-lemma.csv,,,0.475877,/run/media/wolf/KIOXIA/SentencePartitioning/resources/results/reviewer1/morphology/comment1-morphology-lm-lemma-v13-1363077970.csv,index_csv
v14,morphology,lm-lemma,3,3,3,3,7,100,0.05,0.95,none,resources/evaluation/morphology,resources/results/reviewer1/morphology/comment1-morphology-lm-lemma-v14-941152357.csv,0.428374,0.475877,found,resources/results/reviewer1/comment1-morphology-lm-lemma.csv,,,0.475877,/run/media/wolf/KIOXIA/SentencePartitioning/resources/results/reviewer1/morphology/comment1-morphology-lm-lemma-v14-941152357.csv,index_csv
v15,morphology,lm-lemma,3,3,3,3,7,100,0.05,0.95,inverse_parts,resources/evaluation/morphology,resources/results/reviewer1/morphology/comment1-morphology-lm-lemma-v15-1273290388.csv,0.428374,0.475877,found,resources/results/reviewer1/comment1-morphology-lm-lemma.csv,,,0.475877,/run/media/wolf/KIOXIA/SentencePartitioning/resources/results/reviewer1/morphology/comment1-morphology-lm-lemma-v15-1273290388.csv,index_csv
v16,morphology,lm-lemma,3,3,3,3,7,100,0.05,0.95,inverse_sqrt_parts,resources/evaluation/morphology,resources/results/reviewer1/morphology/comment1-morphology-lm-lemma-v16-415637485.csv,0.428374,0.475877,found,resources/results/reviewer1/comment1-morphology-lm-lemma.csv,,,0.475877,/run/media/wolf/KIOXIA/SentencePartitioning/resources/results/reviewer1/morphology/comment1-morphology-lm-lemma-v16-415637485.csv,index_csv
v17,morphology,lm-lemma,3,3,3,3,7,100,0.05,0.95,inverse_log_parts,resources/evaluation/morphology,resources/results/reviewer1/morphology/comment1-morphology-lm-lemma-v17-88907319.csv,0.428374,0.475877,found,resources/results/reviewer1/comment1-morphology-lm-lemma.csv,,,0.475877,/run/media/wolf/KIOXIA/SentencePartitioning/resources/results/reviewer1/morphology/comment1-morphology-lm-lemma-v17-88907319.csv,index_csv
v18,morphology,lm-lemma,3,3,3,3,7,100,0.15,0.85,inverse_parts,resources/evaluation/morphology,resources/results/reviewer1/morphology/comment1-morphology-lm-lemma-v18-2119117743.csv,0.428374,0.475877,found,resources/results/reviewer1/comment1-morphology-lm-lemma.csv,,,0.475877,/run/media/wolf/KIOXIA/SentencePartitioning/resources/results/reviewer1/morphology/comment1-morphology-lm-lemma-v18-2119117743.csv,index_csv
v19,morphology,lm-lemma,3,3,3,3,7,100,0.15,0.85,inverse_sqrt_parts,resources/evaluation/morphology,resources/results/reviewer1/morphology/comment1-morphology-lm-lemma-v19-1261464840.csv,0.428374,0.475877,found,resources/results/reviewer1/comment1-morphology-lm-lemma.csv,,,0.475877,/run/media/wolf/KIOXIA/SentencePartitioning/resources/results/reviewer1/morphology/comment1-morphology-lm-lemma-v19-1261464840.csv,index_csv
v20,morphology,lm-lemma,3,3,3,3,7,100,0.15,0.85,inverse_log_parts,resources/evaluation/morphology,resources/results/reviewer1/morphology/comment1-morphology-lm-lemma-v20-934734674.csv,0.428374,0.475877,found,resources/results/reviewer1/comment1-morphology-lm-lemma.csv,,,0.475877,/run/media/wolf/KIOXIA/SentencePartitioning/resources/results/reviewer1/morphology/comment1-morphology-lm-lemma-v20-934734674.csv,index_csv
v21,morphology,lm-lemma,3,3,3,3,7,100,0.3,0.7,none,resources/evaluation/morphology,resources/results/reviewer1/morphology/comment1-morphology-lm-lemma-v21--1782897280.csv,0.428374,0.475877,found,resources/results/reviewer1/comment1-morphology-lm-lemma.csv,,,0.475877,/run/media/wolf/KIOXIA/SentencePartitioning/resources/results/reviewer1/morphology/comment1-morphology-lm-lemma-v21--1782897280.csv,index_csv
v22,morphology,lm-lemma,3,3,3,3,7,100,0.3,0.7,inverse_parts,resources/evaluation/morphology,resources/results/reviewer1/morphology/comment1-morphology-lm-lemma-v22--1450759249.csv,0.428374,0.475877,found,resources/results/reviewer1/comment1-morphology-lm-lemma.csv,,,0.475877,/run/media/wolf/KIOXIA/SentencePartitioning/resources/results/reviewer1/morphology/comment1-morphology-lm-lemma-v22--1450759249.csv,index_csv
v23,morphology,lm-lemma,3,3,3,3,7,100,0.3,0.7,inverse_sqrt_parts,resources/evaluation/morphology,resources/results/reviewer1/morphology/comment1-morphology-lm-lemma-v23-1986555144.csv,0.428374,0.475877,found,resources/results/reviewer1/comment1-morphology-lm-lemma.csv,,,0.475877,/run/media/wolf/KIOXIA/SentencePartitioning/resources/results/reviewer1/morphology/comment1-morphology-lm-lemma-v23-1986555144.csv,index_csv
v24,morphology,lm-lemma,3,3,3,3,7,100,0.3,0.7,inverse_log_parts,resources/evaluation/morphology,resources/results/reviewer1/morphology/comment1-morphology-lm-lemma-v24-1659824978.csv,0.428374,0.475877,found,resources/results/reviewer1/comment1-morphology-lm-lemma.csv,,,0.475877,/run/media/wolf/KIOXIA/SentencePartitioning/resources/results/reviewer1/morphology/comment1-morphology-lm-lemma-v24-1659824978.csv,index_csv
v25,morphology,lm-lemma,3,3,3,3,7,100,0.5,0.5,none,resources/evaluation/morphology,resources/results/reviewer1/morphology/comment1-morphology-lm-lemma-v25--1189403264.csv,0.428374,0.475877,found,resources/results/reviewer1/comment1-morphology-lm-lemma.csv,,,0.475877,/run/media/wolf/KIOXIA/SentencePartitioning/resources/results/reviewer1/morphology/comment1-morphology-lm-lemma-v25--1189403264.csv,index_csv
v26,morphology,lm-lemma,3,3,3,3,7,100,0.5,0.5,inverse_parts,resources/evaluation/morphology,resources/results/reviewer1/morphology/comment1-morphology-lm-lemma-v26--857265233.csv,0.428374,0.475877,found,resources/results/reviewer1/comment1-morphology-lm-lemma.csv,,,0.475877,/run/media/wolf/KIOXIA/SentencePartitioning/resources/results/reviewer1/morphology/comment1-morphology-lm-lemma-v26--857265233.csv,index_csv
v27,morphology,lm-lemma,3,3,3,3,7,100,0.5,0.5,inverse_sqrt_parts,resources/evaluation/morphology,resources/results/reviewer1/morphology/comment1-morphology-lm-lemma-v27--1714918136.csv,0.428374,0.475877,found,resources/results/reviewer1/comment1-morphology-lm-lemma.csv,,,0.475877,/run/media/wolf/KIOXIA/SentencePartitioning/resources/results/reviewer1/morphology/comment1-morphology-lm-lemma-v27--1714918136.csv,index_csv
v28,morphology,lm-lemma,3,3,3,3,7,100,0.5,0.5,inverse_log_parts,resources/evaluation/morphology,resources/results/reviewer1/morphology/comment1-morphology-lm-lemma-v28--2041648302.csv,0.428374,0.475877,found,resources/results/reviewer1/comment1-morphology-lm-lemma.csv,,,0.475877,/run/media/wolf/KIOXIA/SentencePartitioning/resources/results/reviewer1/morphology/comment1-morphology-lm-lemma-v28--2041648302.csv,index_csv
v1,morphology,lm-rank,2,2,1,2,7,100,0.15,0.85,none,resources/evaluation/morphology,resources/results/reviewer1/morphology/comment1-morphology-lm-rank-v1-249431159.csv,0.503929,0.486911,found,resources/results/reviewer1/comment1-morphology-lm-rank.csv,,,0.486911,/run/media/wolf/KIOXIA/SentencePartitioning/resources/results/reviewer1/morphology/comment1-morphology-lm-rank-v1-249431159.csv,index_csv
v2,morphology,lm-rank,2,2,3,2,7,100,0.15,0.85,none,resources/evaluation/morphology,resources/results/reviewer1/morphology/comment1-morphology-lm-rank-v2-249431845.csv,0.489728,0.439903,found,resources/results/reviewer1/comment1-morphology-lm-rank.csv,,,0.439903,/run/media/wolf/KIOXIA/SentencePartitioning/resources/results/reviewer1/morphology/comment1-morphology-lm-rank-v2-249431845.csv,index_csv
v3,morphology,lm-rank,2,2,5,2,7,100,0.15,0.85,none,resources/evaluation/morphology,resources/results/reviewer1/morphology/comment1-morphology-lm-rank-v3-249432531.csv,0.44161,0.397296,found,resources/results/reviewer1/comment1-morphology-lm-rank.csv,,,0.397296,/run/media/wolf/KIOXIA/SentencePartitioning/resources/results/reviewer1/morphology/comment1-morphology-lm-rank-v3-249432531.csv,index_csv
v4,morphology,lm-rank,3,3,1,3,7,100,0.15,0.85,none,resources/evaluation/morphology,resources/results/reviewer1/morphology/comment1-morphology-lm-rank-v4-249433616.csv,0.503929,0.486911,found,resources/results/reviewer1/comment1-morphology-lm-rank.csv,,,0.486911,/run/media/wolf/KIOXIA/SentencePartitioning/resources/results/reviewer1/morphology/comment1-morphology-lm-rank-v4-249433616.csv,index_csv
v5,morphology,lm-rank,3,3,3,3,7,100,0.15,0.85,none,resources/evaluation/morphology,resources/results/reviewer1/morphology/comment1-morphology-lm-rank-v5-249434302.csv,0.472081,0.417918,found,resources/results/reviewer1/comment1-morphology-lm-rank.csv,,,0.417918,/run/media/wolf/KIOXIA/SentencePartitioning/resources/results/reviewer1/morphology/comment1-morphology-lm-rank-v5-249434302.csv,index_csv
v6,morphology,lm-rank,3,3,5,3,7,100,0.15,0.85,none,resources/evaluation/morphology,resources/results/reviewer1/morphology/comment1-morphology-lm-rank-v6-249434988.csv,0.432373,0.383820,found,resources/results/reviewer1/comment1-morphology-lm-rank.csv,,,0.38382,/run/media/wolf/KIOXIA/SentencePartitioning/resources/results/reviewer1/morphology/comment1-morphology-lm-rank-v6-249434988.csv,index_csv
v7,morphology,lm-rank,4,4,1,4,7,100,0.15,0.85,none,resources/evaluation/morphology,resources/results/reviewer1/morphology/comment1-morphology-lm-rank-v7-249436073.csv,0.503929,0.486911,found,resources/results/reviewer1/comment1-morphology-lm-rank.csv,,,0.486911,/run/media/wolf/KIOXIA/SentencePartitioning/resources/results/reviewer1/morphology/comment1-morphology-lm-rank-v7-249436073.csv,index_csv
v8,morphology,lm-rank,4,4,3,4,7,100,0.15,0.85,none,resources/evaluation/morphology,resources/results/reviewer1/morphology/comment1-morphology-lm-rank-v8-249436759.csv,0.422722,0.370133,found,resources/results/reviewer1/comment1-morphology-lm-rank.csv,,,0.370133,/run/media/wolf/KIOXIA/SentencePartitioning/resources/results/reviewer1/morphology/comment1-morphology-lm-rank-v8-249436759.csv,index_csv
v9,morphology,lm-rank,4,4,5,4,7,100,0.15,0.85,none,resources/evaluation/morphology,resources/results/reviewer1/morphology/comment1-morphology-lm-rank-v9-249437445.csv,0.370467,0.324811,found,resources/results/reviewer1/comment1-morphology-lm-rank.csv,,,0.324811,/run/media/wolf/KIOXIA/SentencePartitioning/resources/results/reviewer1/morphology/comment1-morphology-lm-rank-v9-249437445.csv,index_csv
v10,morphology,lm-rank,3,3,3,3,7,100,0.0,1.0,none,resources/evaluation/morphology,resources/results/reviewer1/morphology/comment1-morphology-lm-rank-v10--437643492.csv,0.503929,0.486911,found,resources/results/reviewer1/comment1-morphology-lm-rank.csv,,,0.486911,/run/media/wolf/KIOXIA/SentencePartitioning/resources/results/reviewer1/morphology/comment1-morphology-lm-rank-v10--437643492.csv,index_csv
v11,morphology,lm-rank,3,3,3,3,7,100,0.0,1.0,inverse_parts,resources/evaluation/morphology,resources/results/reviewer1/morphology/comment1-morphology-lm-rank-v11--105505461.csv,0.509582,0.493722,found,resources/results/reviewer1/comment1-morphology-lm-rank.csv,,,0.493722,/run/media/wolf/KIOXIA/SentencePartitioning/resources/results/reviewer1/morphology/comment1-morphology-lm-rank-v11--105505461.csv,index_csv
v12,morphology,lm-rank,3,3,3,3,7,100,0.0,1.0,inverse_sqrt_parts,resources/evaluation/morphology,resources/results/reviewer1/morphology/comment1-morphology-lm-rank-v12--963158364.csv,0.508341,0.492223,found,resources/results/reviewer1/comment1-morphology-lm-rank.csv,,,0.492223,/run/media/wolf/KIOXIA/SentencePartitioning/resources/results/reviewer1/morphology/comment1-morphology-lm-rank-v12--963158364.csv,index_csv
v13,morphology,lm-rank,3,3,3,3,7,100,0.0,1.0,inverse_log_parts,resources/evaluation/morphology,resources/results/reviewer1/morphology/comment1-morphology-lm-rank-v13--1289888530.csv,0.508893,0.492889,found,resources/results/reviewer1/comment1-morphology-lm-rank.csv,,,0.492889,/run/media/wolf/KIOXIA/SentencePartitioning/resources/results/reviewer1/morphology/comment1-morphology-lm-rank-v13--1289888530.csv,index_csv
v14,morphology,lm-rank,3,3,3,3,7,100,0.05,0.95,none,resources/evaluation/morphology,resources/results/reviewer1/morphology/comment1-morphology-lm-rank-v14--1711814143.csv,0.485454,0.429443,found,resources/results/reviewer1/comment1-morphology-lm-rank.csv,,,0.429443,/run/media/wolf/KIOXIA/SentencePartitioning/resources/results/reviewer1/morphology/comment1-morphology-lm-rank-v14--1711814143.csv,index_csv
v15,morphology,lm-rank,3,3,3,3,7,100,0.05,0.95,inverse_parts,resources/evaluation/morphology,resources/results/reviewer1/morphology/comment1-morphology-lm-rank-v15--1379676112.csv,0.479801,0.425090,found,resources/results/reviewer1/comment1-morphology-lm-rank.csv,,,0.42509,/run/media/wolf/KIOXIA/SentencePartitioning/resources/results/reviewer1/morphology/comment1-morphology-lm-rank-v15--1379676112.csv,index_csv
v16,morphology,lm-rank,3,3,3,3,7,100,0.05,0.95,inverse_sqrt_parts,resources/evaluation/morphology,resources/results/reviewer1/morphology/comment1-morphology-lm-rank-v16-2057638281.csv,0.48187,0.426740,found,resources/results/reviewer1/comment1-morphology-lm-rank.csv,,,0.42674,/run/media/wolf/KIOXIA/SentencePartitioning/resources/results/reviewer1/morphology/comment1-morphology-lm-rank-v16-2057638281.csv,index_csv
v17,morphology,lm-rank,3,3,3,3,7,100,0.05,0.95,inverse_log_parts,resources/evaluation/morphology,resources/results/reviewer1/morphology/comment1-morphology-lm-rank-v17-1730908115.csv,0.4838,0.428633,found,resources/results/reviewer1/comment1-morphology-lm-rank.csv,,,0.428633,/run/media/wolf/KIOXIA/SentencePartitioning/resources/results/reviewer1/morphology/comment1-morphology-lm-rank-v17-1730908115.csv,index_csv
v18,morphology,lm-rank,3,3,3,3,7,100,0.15,0.85,inverse_parts,resources/evaluation/morphology,resources/results/reviewer1/morphology/comment1-morphology-lm-rank-v18--533848757.csv,0.47084,0.416921,found,resources/results/reviewer1/comment1-morphology-lm-rank.csv,,,0.416921,/run/media/wolf/KIOXIA/SentencePartitioning/resources/results/reviewer1/morphology/comment1-morphology-lm-rank-v18--533848757.csv,index_csv
v19,morphology,lm-rank,3,3,3,3,7,100,0.15,0.85,inverse_sqrt_parts,resources/evaluation/morphology,resources/results/reviewer1/morphology/comment1-morphology-lm-rank-v19--1391501660.csv,0.470978,0.417018,found,resources/results/reviewer1/comment1-morphology-lm-rank.csv,,,0.417018,/run/media/wolf/KIOXIA/SentencePartitioning/resources/results/reviewer1/morphology/comment1-morphology-lm-rank-v19--1391501660.csv,index_csv
v20,morphology,lm-rank,3,3,3,3,7,100,0.15,0.85,inverse_log_parts,resources/evaluation/morphology,resources/results/reviewer1/morphology/comment1-morphology-lm-rank-v20--1718231826.csv,0.471667,0.417679,found,resources/results/reviewer1/comment1-morphology-lm-rank.csv,,,0.417679,/run/media/wolf/KIOXIA/SentencePartitioning/resources/results/reviewer1/morphology/comment1-morphology-lm-rank-v20--1718231826.csv,index_csv
v21,morphology,lm-rank,3,3,3,3,7,100,0.3,0.7,none,resources/evaluation/morphology,resources/results/reviewer1/morphology/comment1-morphology-lm-rank-v21--140896484.csv,0.467117,0.413978,found,resources/results/reviewer1/comment1-morphology-lm-rank.csv,,,0.413978,/run/media/wolf/KIOXIA/SentencePartitioning/resources/results/reviewer1/morphology/comment1-morphology-lm-rank-v21--140896484.csv,index_csv
v22,morphology,lm-rank,3,3,3,3,7,100,0.3,0.7,inverse_parts,resources/evaluation/morphology,resources/results/reviewer1/morphology/comment1-morphology-lm-rank-v22-191241547.csv,0.464635,0.411829,found,resources/results/reviewer1/comment1-morphology-lm-rank.csv,,,0.411829,/run/media/wolf/KIOXIA/SentencePartitioning/resources/results/reviewer1/morphology/comment1-morphology-lm-rank-v22-191241547.csv,index_csv
v23,morphology,lm-rank,3,3,3,3,7,100,0.3,0.7,inverse_sqrt_parts,resources/evaluation/morphology,resources/results/reviewer1/morphology/comment1-morphology-lm-rank-v23--666411356.csv,0.464911,0.412023,found,resources/results/reviewer1/comment1-morphology-lm-rank.csv,,,0.412023,/run/media/wolf/KIOXIA/SentencePartitioning/resources/results/reviewer1/morphology/comment1-morphology-lm-rank-v23--666411356.csv,index_csv
v24,morphology,lm-rank,3,3,3,3,7,100,0.3,0.7,inverse_log_parts,resources/evaluation/morphology,resources/results/reviewer1/morphology/comment1-morphology-lm-rank-v24--993141522.csv,0.467117,0.414004,found,resources/results/reviewer1/comment1-morphology-lm-rank.csv,,,0.414004,/run/media/wolf/KIOXIA/SentencePartitioning/resources/results/reviewer1/morphology/comment1-morphology-lm-rank-v24--993141522.csv,index_csv
v25,morphology,lm-rank,3,3,3,3,7,100,0.5,0.5,none,resources/evaluation/morphology,resources/results/reviewer1/morphology/comment1-morphology-lm-rank-v25-452597532.csv,0.468358,0.415739,found,resources/results/reviewer1/comment1-morphology-lm-rank.csv,,,0.415739,/run/media/wolf/KIOXIA/SentencePartitioning/resources/results/reviewer1/morphology/comment1-morphology-lm-rank-v25-452597532.csv,index_csv
v26,morphology,lm-rank,3,3,3,3,7,100,0.5,0.5,inverse_parts,resources/evaluation/morphology,resources/results/reviewer1/morphology/comment1-morphology-lm-rank-v26-784735563.csv,0.468358,0.415739,found,resources/results/reviewer1/comment1-morphology-lm-rank.csv,,,0.415739,/run/media/wolf/KIOXIA/SentencePartitioning/resources/results/reviewer1/morphology/comment1-morphology-lm-rank-v26-784735563.csv,index_csv
v27,morphology,lm-rank,3,3,3,3,7,100,0.5,0.5,inverse_sqrt_parts,resources/evaluation/morphology,resources/results/reviewer1/morphology/comment1-morphology-lm-rank-v27--72917340.csv,0.468358,0.415739,found,resources/results/reviewer1/comment1-morphology-lm-rank.csv,,,0.415739,/run/media/wolf/KIOXIA/SentencePartitioning/resources/results/reviewer1/morphology/comment1-morphology-lm-rank-v27--72917340.csv,index_csv
v28,morphology,lm-rank,3,3,3,3,7,100,0.5,0.5,inverse_log_parts,resources/evaluation/morphology,resources/results/reviewer1/morphology/comment1-morphology-lm-rank-v28--399647506.csv,0.468358,0.415739,found,resources/results/reviewer1/comment1-morphology-lm-rank.csv,,,0.415739,/run/media/wolf/KIOXIA/SentencePartitioning/resources/results/reviewer1/morphology/comment1-morphology-lm-rank-v28--399647506.csv,index_csv
v1,morphology,lm-skip,2,2,1,2,7,100,0.15,0.85,none,resources/evaluation/morphology,resources/results/reviewer1/morphology/comment1-morphology-lm-skip-v1-249470410.csv,0.473046,0.538576,found,resources/results/reviewer1/comment1-morphology-lm-skip.csv,,,0.538576,/run/media/wolf/KIOXIA/SentencePartitioning/resources/results/reviewer1/morphology/comment1-morphology-lm-skip-v1-249470410.csv,index_csv
v2,morphology,lm-skip,2,2,3,2,7,100,0.15,0.85,none,resources/evaluation/morphology,resources/results/reviewer1/morphology/comment1-morphology-lm-skip-v2-249471096.csv,0.28664,0.247958,found,resources/results/reviewer1/comment1-morphology-lm-skip.csv,,,0.247958,/run/media/wolf/KIOXIA/SentencePartitioning/resources/results/reviewer1/morphology/comment1-morphology-lm-skip-v2-249471096.csv,index_csv
v3,morphology,lm-skip,2,2,5,2,7,100,0.15,0.85,none,resources/evaluation/morphology,resources/results/reviewer1/morphology/comment1-morphology-lm-skip-v3-249471782.csv,0.229422,0.182867,found,resources/results/reviewer1/comment1-morphology-lm-skip.csv,,,0.182867,/run/media/wolf/KIOXIA/SentencePartitioning/resources/results/reviewer1/morphology/comment1-morphology-lm-skip-v3-249471782.csv,index_csv
v4,morphology,lm-skip,3,3,1,3,7,100,0.15,0.85,none,resources/evaluation/morphology,resources/results/reviewer1/morphology/comment1-morphology-lm-skip-v4-249472867.csv,0.473046,0.538576,found,resources/results/reviewer1/comment1-morphology-lm-skip.csv,,,0.538576,/run/media/wolf/KIOXIA/SentencePartitioning/resources/results/reviewer1/morphology/comment1-morphology-lm-skip-v4-249472867.csv,index_csv
v5,morphology,lm-skip,3,3,3,3,7,100,0.15,0.85,none,resources/evaluation/morphology,resources/results/reviewer1/morphology/comment1-morphology-lm-skip-v5-249473553.csv,0.28664,0.247958,found,resources/results/reviewer1/comment1-morphology-lm-skip.csv,,,0.247958,/run/media/wolf/KIOXIA/SentencePartitioning/resources/results/reviewer1/morphology/comment1-morphology-lm-skip-v5-249473553.csv,index_csv
v6,morphology,lm-skip,3,3,5,3,7,100,0.15,0.85,none,resources/evaluation/morphology,resources/results/reviewer1/morphology/comment1-morphology-lm-skip-v6-249474239.csv,0.229422,0.182867,found,resources/results/reviewer1/comment1-morphology-lm-skip.csv,,,0.182867,/run/media/wolf/KIOXIA/SentencePartitioning/resources/results/reviewer1/morphology/comment1-morphology-lm-skip-v6-249474239.csv,index_csv
v7,morphology,lm-skip,4,4,1,4,7,100,0.15,0.85,none,resources/evaluation/morphology,resources/results/reviewer1/morphology/comment1-morphology-lm-skip-v7-249475324.csv,0.473046,0.538576,found,resources/results/reviewer1/comment1-morphology-lm-skip.csv,,,0.538576,/run/media/wolf/KIOXIA/SentencePartitioning/resources/results/reviewer1/morphology/comment1-morphology-lm-skip-v7-249475324.csv,index_csv
v8,morphology,lm-skip,4,4,3,4,7,100,0.15,0.85,none,resources/evaluation/morphology,resources/results/reviewer1/morphology/comment1-morphology-lm-skip-v8-249476010.csv,0.28664,0.247958,found,resources/results/reviewer1/comment1-morphology-lm-skip.csv,,,0.247958,/run/media/wolf/KIOXIA/SentencePartitioning/resources/results/reviewer1/morphology/comment1-morphology-lm-skip-v8-249476010.csv,index_csv
v9,morphology,lm-skip,4,4,5,4,7,100,0.15,0.85,none,resources/evaluation/morphology,resources/results/reviewer1/morphology/comment1-morphology-lm-skip-v9-249476696.csv,0.229422,0.182867,found,resources/results/reviewer1/comment1-morphology-lm-skip.csv,,,0.182867,/run/media/wolf/KIOXIA/SentencePartitioning/resources/results/reviewer1/morphology/comment1-morphology-lm-skip-v9-249476696.csv,index_csv
v1,morphology,lm-subword,2,2,1,2,7,100,0.15,0.85,none,resources/evaluation/morphology,resources/results/reviewer1/morphology/comment1-morphology-lm-subword-v1-74555517.csv,0.28402,0.357329,found,resources/results/reviewer1/comment1-morphology-lm-subword.csv,,,0.357329,/run/media/wolf/KIOXIA/SentencePartitioning/resources/results/reviewer1/morphology/comment1-morphology-lm-subword-v1-74555517.csv,index_csv
v2,morphology,lm-subword,2,2,3,2,7,100,0.15,0.85,none,resources/evaluation/morphology,resources/results/reviewer1/morphology/comment1-morphology-lm-subword-v2-74556203.csv,0.22046,0.222423,found,resources/results/reviewer1/comment1-morphology-lm-subword.csv,,,0.222423,/run/media/wolf/KIOXIA/SentencePartitioning/resources/results/reviewer1/morphology/comment1-morphology-lm-subword-v2-74556203.csv,index_csv
v3,morphology,lm-subword,2,2,5,2,7,100,0.15,0.85,none,resources/evaluation/morphology,resources/results/reviewer1/morphology/comment1-morphology-lm-subword-v3-74556889.csv,0.214118,0.198302,found,resources/results/reviewer1/comment1-morphology-lm-subword.csv,,,0.198302,/run/media/wolf/KIOXIA/SentencePartitioning/resources/results/reviewer1/morphology/comment1-morphology-lm-subword-v3-74556889.csv,index_csv
v4,morphology,lm-subword,3,3,1,3,7,100,0.15,0.85,none,resources/evaluation/morphology,resources/results/reviewer1/morphology/comment1-morphology-lm-subword-v4-74557974.csv,0.28402,0.357329,found,resources/results/reviewer1/comment1-morphology-lm-subword.csv,,,0.357329,/run/media/wolf/KIOXIA/SentencePartitioning/resources/results/reviewer1/morphology/comment1-morphology-lm-subword-v4-74557974.csv,index_csv
v5,morphology,lm-subword,3,3,3,3,7,100,0.15,0.85,none,resources/evaluation/morphology,resources/results/reviewer1/morphology/comment1-morphology-lm-subword-v5-74558660.csv,0.221701,0.224409,found,resources/results/reviewer1/comment1-morphology-lm-subword.csv,,,0.224409,/run/media/wolf/KIOXIA/SentencePartitioning/resources/results/reviewer1/morphology/comment1-morphology-lm-subword-v5-74558660.csv,index_csv
v6,morphology,lm-subword,3,3,5,3,7,100,0.15,0.85,none,resources/evaluation/morphology,resources/results/reviewer1/morphology/comment1-morphology-lm-subword-v6-74559346.csv,0.205984,0.191012,found,resources/results/reviewer1/comment1-morphology-lm-subword.csv,,,0.191012,/run/media/wolf/KIOXIA/SentencePartitioning/resources/results/reviewer1/morphology/comment1-morphology-lm-subword-v6-74559346.csv,index_csv
v7,morphology,lm-subword,4,4,1,4,7,100,0.15,0.85,none,resources/evaluation/morphology,resources/results/reviewer1/morphology/comment1-morphology-lm-subword-v7-74560431.csv,0.28402,0.357329,found,resources/results/reviewer1/comment1-morphology-lm-subword.csv,,,0.357329,/run/media/wolf/KIOXIA/SentencePartitioning/resources/results/reviewer1/morphology/comment1-morphology-lm-subword-v7-74560431.csv,index_csv
v8,morphology,lm-subword,4,4,3,4,7,100,0.15,0.85,none,resources/evaluation/morphology,resources/results/reviewer1/morphology/comment1-morphology-lm-subword-v8-74561117.csv,0.223356,0.226115,found,resources/results/reviewer1/comment1-morphology-lm-subword.csv,,,0.226115,/run/media/wolf/KIOXIA/SentencePartitioning/resources/results/reviewer1/morphology/comment1-morphology-lm-subword-v8-74561117.csv,index_csv
v9,morphology,lm-subword,4,4,5,4,7,100,0.15,0.85,none,resources/evaluation/morphology,resources/results/reviewer1/morphology/comment1-morphology-lm-subword-v9-74561803.csv,0.215635,0.199732,found,resources/results/reviewer1/comment1-morphology-lm-subword.csv,,,0.199732,/run/media/wolf/KIOXIA/SentencePartitioning/resources/results/reviewer1/morphology/comment1-morphology-lm-subword-v9-74561803.csv,index_csv
v10,morphology,lm-subword,3,3,3,3,7,100,0.15,0.85,none,resources/evaluation/morphology,resources/results/reviewer1/morphology/comment1-morphology-lm-subword-v10-113265181.csv,0.228457,0.230668,found,resources/results/reviewer1/comment1-morphology-lm-subword.csv,,,0.230668,/run/media/wolf/KIOXIA/SentencePartitioning/resources/results/reviewer1/morphology/comment1-morphology-lm-subword-v10-113265181.csv,index_csv
v11,morphology,lm-subword,3,3,3,3,7,100,0.15,0.85,none,resources/evaluation/morphology,resources/results/reviewer1/morphology/comment1-morphology-lm-subword-v11-117382896.csv,0.224045,0.226355,found,resources/results/reviewer1/comment1-morphology-lm-subword.csv,,,0.226355,/run/media/wolf/KIOXIA/SentencePartitioning/resources/results/reviewer1/morphology/comment1-morphology-lm-subword-v11-117382896.csv,index_csv
v12,morphology,lm-subword,3,3,3,3,7,100,0.15,0.85,none,resources/evaluation/morphology,resources/results/reviewer1/morphology/comment1-morphology-lm-subword-v12-125618326.csv,0.232042,0.234597,found,resources/results/reviewer1/comment1-morphology-lm-subword.csv,,,0.234597,/run/media/wolf/KIOXIA/SentencePartitioning/resources/results/reviewer1/morphology/comment1-morphology-lm-subword-v12-125618326.csv,index_csv
v1,morphology,lm-syllable,2,2,1,2,7,100,0.15,0.85,none,resources/evaluation/morphology,resources/results/reviewer1/morphology/comment1-morphology-lm-syllable-v1-1312390923.csv,0.285537,0.358150,found,resources/results/reviewer1/comment1-morphology-lm-syllable.csv,,,0.35815,/run/media/wolf/KIOXIA/SentencePartitioning/resources/results/reviewer1/morphology/comment1-morphology-lm-syllable-v1-1312390923.csv,index_csv
v2,morphology,lm-syllable,2,2,3,2,7,100,0.15,0.85,none,resources/evaluation/morphology,resources/results/reviewer1/morphology/comment1-morphology-lm-syllable-v2-1312391609.csv,0.221012,0.212726,found,resources/results/reviewer1/comment1-morphology-lm-syllable.csv,,,0.212726,/run/media/wolf/KIOXIA/SentencePartitioning/resources/results/reviewer1/morphology/comment1-morphology-lm-syllable-v2-1312391609.csv,index_csv
v3,morphology,lm-syllable,2,2,5,2,7,100,0.15,0.85,none,resources/evaluation/morphology,resources/results/reviewer1/morphology/comment1-morphology-lm-syllable-v3-1312392295.csv,0.24059,0.218891,found,resources/results/reviewer1/comment1-morphology-lm-syllable.csv,,,0.218891,/run/media/wolf/KIOXIA/SentencePartitioning/resources/results/reviewer1/morphology/comment1-morphology-lm-syllable-v3-1312392295.csv,index_csv
v4,morphology,lm-syllable,3,3,1,3,7,100,0.15,0.85,none,resources/evaluation/morphology,resources/results/reviewer1/morphology/comment1-morphology-lm-syllable-v4-1312393380.csv,0.285537,0.358150,found,resources/results/reviewer1/comment1-morphology-lm-syllable.csv,,,0.35815,/run/media/wolf/KIOXIA/SentencePartitioning/resources/results/reviewer1/morphology/comment1-morphology-lm-syllable-v4-1312393380.csv,index_csv
v5,morphology,lm-syllable,3,3,3,3,7,100,0.15,0.85,none,resources/evaluation/morphology,resources/results/reviewer1/morphology/comment1-morphology-lm-syllable-v5-1312394066.csv,0.22046,0.212196,found,resources/results/reviewer1/comment1-morphology-lm-syllable.csv,,,0.212196,/run/media/wolf/KIOXIA/SentencePartitioning/resources/results/reviewer1/morphology/comment1-morphology-lm-syllable-v5-1312394066.csv,index_csv
v6,morphology,lm-syllable,3,3,5,3,7,100,0.15,0.85,none,resources/evaluation/morphology,resources/results/reviewer1/morphology/comment1-morphology-lm-syllable-v6-1312394752.csv,0.239211,0.217637,found,resources/results/reviewer1/comment1-morphology-lm-syllable.csv,,,0.217637,/run/media/wolf/KIOXIA/SentencePartitioning/resources/results/reviewer1/morphology/comment1-morphology-lm-syllable-v6-1312394752.csv,index_csv
v7,morphology,lm-syllable,4,4,1,4,7,100,0.15,0.85,none,resources/evaluation/morphology,resources/results/reviewer1/morphology/comment1-morphology-lm-syllable-v7-1312395837.csv,0.285537,0.358150,found,resources/results/reviewer1/comment1-morphology-lm-syllable.csv,,,0.35815,/run/media/wolf/KIOXIA/SentencePartitioning/resources/results/reviewer1/morphology/comment1-morphology-lm-syllable-v7-1312395837.csv,index_csv
v8,morphology,lm-syllable,4,4,3,4,7,100,0.15,0.85,none,resources/evaluation/morphology,resources/results/reviewer1/morphology/comment1-morphology-lm-syllable-v8-1312396523.csv,0.219358,0.211134,found,resources/results/reviewer1/comment1-morphology-lm-syllable.csv,,,0.211134,/run/media/wolf/KIOXIA/SentencePartitioning/resources/results/reviewer1/morphology/comment1-morphology-lm-syllable-v8-1312396523.csv,index_csv
v9,morphology,lm-syllable,4,4,5,4,7,100,0.15,0.85,none,resources/evaluation/morphology,resources/results/reviewer1/morphology/comment1-morphology-lm-syllable-v9-1312397209.csv,0.243623,0.221651,found,resources/results/reviewer1/comment1-morphology-lm-syllable.csv,,,0.221651,/run/media/wolf/KIOXIA/SentencePartitioning/resources/results/reviewer1/morphology/comment1-morphology-lm-syllable-v9-1312397209.csv,index_csv
v1,ner,frequent-ngram,2,2,1,2,7,100,0.15,0.85,none,resources/text//ner/175838085.txt,resources/results/skip/frequent-ngram/ner/skip//240-2-733130507.xml,0.922391857506,,found,resources/results/reviewer1/comment1-ner-frequent-ngram.csv,,,0.922391857506,/run/media/wolf/KIOXIA/SentencePartitioning/resources/results/skip/frequent-ngram/ner/skip/240-2-733130507.xml,result_file
v2,ner,frequent-ngram,2,2,3,2,7,100,0.15,0.85,none,resources/text//ner/175838771.txt,resources/results/skip/frequent-ngram/ner/skip//240-2-392817383.xml,0.920828789531,,found,resources/results/reviewer1/comment1-ner-frequent-ngram.csv,,,0.920828789531,/run/media/wolf/KIOXIA/SentencePartitioning/resources/results/skip/frequent-ngram/ner/skip/240-2-392817383.xml,result_file
v3,ner,frequent-ngram,2,2,5,2,7,100,0.15,0.85,none,resources/text//ner/175839457.txt,resources/results/skip/frequent-ngram/ner/skip//240-2-52504259.xml,0.922119229371,,found,resources/results/reviewer1/comment1-ner-frequent-ngram.csv,,,0.922119229371,/run/media/wolf/KIOXIA/SentencePartitioning/resources/results/skip/frequent-ngram/ner/skip/240-2-52504259.xml,result_file
v4,ner,frequent-ngram,3,3,1,3,7,100,0.15,0.85,none,resources/text//ner/175840542.txt,resources/results/skip/frequent-ngram/ner/skip//240-3-2012347133.xml,0.922082878953,,found,resources/results/reviewer1/comment1-ner-frequent-ngram.csv,,,0.922082878953,/run/media/wolf/KIOXIA/SentencePartitioning/resources/results/skip/frequent-ngram/ner/skip/240-3-2012347133.xml,result_file
v5,ner,frequent-ngram,3,3,3,3,7,100,0.15,0.85,none,resources/text//ner/175841228.txt,resources/results/skip/frequent-ngram/ner/skip//240-3-1672034009.xml,0.92250090876,,found,resources/results/reviewer1/comment1-ner-frequent-ngram.csv,,,0.92250090876,/run/media/wolf/KIOXIA/SentencePartitioning/resources/results/skip/frequent-ngram/ner/skip/240-3-1672034009.xml,result_file
v6,ner,frequent-ngram,3,3,5,3,7,100,0.15,0.85,none,resources/text//ner/175841914.txt,resources/results/skip/frequent-ngram/ner/skip//240-3-1331720885.xml,0.921174118502,,found,resources/results/reviewer1/comment1-ner-frequent-ngram.csv,,,0.921174118502,/run/media/wolf/KIOXIA/SentencePartitioning/resources/results/skip/frequent-ngram/ner/skip/240-3-1331720885.xml,result_file
v7,ner,frequent-ngram,4,4,1,4,7,100,0.15,0.85,none,resources/text//ner/175842999.txt,resources/results/skip/frequent-ngram/ner/skip//240-4--1003403537.xml,0.922446383133,,found,resources/results/reviewer1/comment1-ner-frequent-ngram.csv,,,0.922446383133,/run/media/wolf/KIOXIA/SentencePartitioning/resources/results/skip/frequent-ngram/ner/skip/240-4--1003403537.xml,result_file
v8,ner,frequent-ngram,4,4,3,4,7,100,0.15,0.85,none,resources/text//ner/175843685.txt,resources/results/skip/frequent-ngram/ner/skip//240-4--1343716661.xml,0.921973827699,,found,resources/results/reviewer1/comment1-ner-frequent-ngram.csv,,,0.921973827699,/run/media/wolf/KIOXIA/SentencePartitioning/resources/results/skip/frequent-ngram/ner/skip/240-4--1343716661.xml,result_file
v9,ner,frequent-ngram,4,4,5,4,7,100,0.15,0.85,none,resources/text//ner/175844371.txt,resources/results/skip/frequent-ngram/ner/skip//240-4--1684029785.xml,0.92213740458,,found,resources/results/reviewer1/comment1-ner-frequent-ngram.csv,,,0.92213740458,/run/media/wolf/KIOXIA/SentencePartitioning/resources/results/skip/frequent-ngram/ner/skip/240-4--1684029785.xml,result_file
v1,ner,lm-lemma,2,2,1,2,7,100,0.15,0.85,none,resources/text//ner/-1392569637.txt,resources/results/skip/lm-lemma/ner/skip//240-2-1659686289.xml,0.951090512541,,found,resources/results/reviewer1/comment1-ner-lm-lemma.csv,,,0.951090512541,/run/media/wolf/KIOXIA/SentencePartitioning/resources/results/skip/lm-lemma/ner/skip/240-2-1659686289.xml,result_file
v2,ner,lm-lemma,2,2,3,2,7,100,0.15,0.85,none,resources/text//ner/-1392568951.txt,resources/results/skip/lm-lemma/ner/skip//240-2-1319373165.xml,0.952181025082,,found,resources/results/reviewer1/comment1-ner-lm-lemma.csv,,,0.952181025082,/run/media/wolf/KIOXIA/SentencePartitioning/resources/results/skip/lm-lemma/ner/skip/240-2-1319373165.xml,result_file
v3,ner,lm-lemma,2,2,5,2,7,100,0.15,0.85,none,resources/text//ner/-1392568265.txt,resources/results/skip/lm-lemma/ner/skip//240-2-979060041.xml,0.952544529262,,found,resources/results/reviewer1/comment1-ner-lm-lemma.csv,0.791203628097,0.574717826868,0.651787724005,/run/media/wolf/KIOXIA/SentencePartitioning/resources/results/skip/lm-lemma/ner/skip/240-2-979060041.xml,result_file
v4,ner,lm-lemma,3,3,1,3,7,100,0.15,0.85,none,resources/text//ner/-1392567180.txt,resources/results/skip/lm-lemma/ner/skip//240-3--1356064381.xml,0.952871683024,,found,resources/results/reviewer1/comment1-ner-lm-lemma.csv,,,0.952871683024,/run/media/wolf/KIOXIA/SentencePartitioning/resources/results/skip/lm-lemma/ner/skip/240-3--1356064381.xml,result_file
v5,ner,lm-lemma,3,3,3,3,7,100,0.15,0.85,none,resources/text//ner/-1392566494.txt,resources/results/skip/lm-lemma/ner/skip//240-3--1696377505.xml,0.952562704471,,found,resources/results/reviewer1/comment1-ner-lm-lemma.csv,,,0.952562704471,/run/media/wolf/KIOXIA/SentencePartitioning/resources/results/skip/lm-lemma/ner/skip/240-3--1696377505.xml,result_file
v6,ner,lm-lemma,3,3,5,3,7,100,0.15,0.85,none,resources/text//ner/-1392565808.txt,resources/results/skip/lm-lemma/ner/skip//240-3--2036690629.xml,0.952199200291,,found,resources/results/reviewer1/comment1-ner-lm-lemma.csv,,,0.952199200291,/run/media/wolf/KIOXIA/SentencePartitioning/resources/results/skip/lm-lemma/ner/skip/240-3--2036690629.xml,result_file
v7,ner,lm-lemma,4,4,1,4,7,100,0.15,0.85,none,resources/text//ner/-1392564723.txt,resources/results/skip/lm-lemma/ner/skip//240-4--76847755.xml,0.951363140676,,found,resources/results/reviewer1/comment1-ner-lm-lemma.csv,,,0.951363140676,/run/media/wolf/KIOXIA/SentencePartitioning/resources/results/skip/lm-lemma/ner/skip/240-4--76847755.xml,result_file
v8,ner,lm-lemma,4,4,3,4,7,100,0.15,0.85,none,resources/text//ner/-1392564037.txt,resources/results/skip/lm-lemma/ner/skip//240-4--417160879.xml,0.951126862959,,found,resources/results/reviewer1/comment1-ner-lm-lemma.csv,,,0.951126862959,/run/media/wolf/KIOXIA/SentencePartitioning/resources/results/skip/lm-lemma/ner/skip/240-4--417160879.xml,result_file
v9,ner,lm-lemma,4,4,5,4,7,100,0.15,0.85,none,resources/text//ner/-1392563351.txt,resources/results/skip/lm-lemma/ner/skip//240-4--757474003.xml,0.951762995274,,found,resources/results/reviewer1/comment1-ner-lm-lemma.csv,,,0.951762995274,/run/media/wolf/KIOXIA/SentencePartitioning/resources/results/skip/lm-lemma/ner/skip/240-4--757474003.xml,result_file
v10,ner,lm-lemma,3,3,3,3,7,100,0.0,1.0,none,resources/text//ner/-2079644288.txt,resources/results/skip/lm-lemma/ner/skip//240-3-1242594459.xml,0.952271901127,,found,resources/results/reviewer1/comment1-ner-lm-lemma.csv,,,0.952271901127,/run/media/wolf/KIOXIA/SentencePartitioning/resources/results/skip/lm-lemma/ner/skip/240-3-1242594459.xml,result_file
v11,ner,lm-lemma,3,3,3,3,7,100,0.0,1.0,inverse_parts,resources/text//ner/-1747506257.txt,resources/results/skip/lm-lemma/ner/skip//240-3-1922520633.xml,0.953489640131,,found,resources/results/reviewer1/comment1-ner-lm-lemma.csv,,,0.953489640131,/run/media/wolf/KIOXIA/SentencePartitioning/resources/results/skip/lm-lemma/ner/skip/240-3-1922520633.xml,result_file
v12,ner,lm-lemma,3,3,3,3,7,100,0.0,1.0,inverse_sqrt_parts,resources/text//ner/1689808136.txt,resources/results/skip/lm-lemma/ner/skip//240-3-1599431083.xml,0.952671755725,,found,resources/results/reviewer1/comment1-ner-lm-lemma.csv,,,0.952671755725,/run/media/wolf/KIOXIA/SentencePartitioning/resources/results/skip/lm-lemma/ner/skip/240-3-1599431083.xml,result_file
v13,ner,lm-lemma,3,3,3,3,7,100,0.0,1.0,inverse_log_parts,resources/text//ner/1363077970.txt,resources/results/skip/lm-lemma/ner/skip//240-3--977129025.xml,0.952599054889,,found,resources/results/reviewer1/comment1-ner-lm-lemma.csv,,,0.952599054889,/run/media/wolf/KIOXIA/SentencePartitioning/resources/results/skip/lm-lemma/ner/skip/240-3--977129025.xml,result_file
v14,ner,lm-lemma,3,3,3,3,7,100,0.05,0.95,none,resources/text//ner/941152357.txt,resources/results/skip/lm-lemma/ner/skip//240-3--1305666523.xml,0.952817157397,,found,resources/results/reviewer1/comment1-ner-lm-lemma.csv,,,0.952817157397,/run/media/wolf/KIOXIA/SentencePartitioning/resources/results/skip/lm-lemma/ner/skip/240-3--1305666523.xml,result_file
v15,ner,lm-lemma,3,3,3,3,7,100,0.05,0.95,inverse_parts,resources/text//ner/1273290388.txt,resources/results/skip/lm-lemma/ner/skip//240-3--625740349.xml,0.952798982188,,found,resources/results/reviewer1/comment1-ner-lm-lemma.csv,,,0.952798982188,/run/media/wolf/KIOXIA/SentencePartitioning/resources/results/skip/lm-lemma/ner/skip/240-3--625740349.xml,result_file
v16,ner,lm-lemma,3,3,3,3,7,100,0.05,0.95,inverse_sqrt_parts,resources/text//ner/415637485.txt,resources/results/skip/lm-lemma/ner/skip//240-3--948829899.xml,0.952708106143,,found,resources/results/reviewer1/comment1-ner-lm-lemma.csv,0.790831063175,0.567484398853,0.642653116453,/run/media/wolf/KIOXIA/SentencePartitioning/resources/results/skip/lm-lemma/ner/skip/240-3--948829899.xml,result_file
v17,ner,lm-lemma,3,3,3,3,7,100,0.05,0.95,inverse_log_parts,resources/text//ner/88907319.txt,resources/results/skip/lm-lemma/ner/skip//240-3-769577289.xml,0.952926208651,,found,resources/results/reviewer1/comment1-ner-lm-lemma.csv,0.778765339655,0.579405306275,0.651666690307,/run/media/wolf/KIOXIA/SentencePartitioning/resources/results/skip/lm-lemma/ner/skip/240-3-769577289.xml,result_file
v18,ner,lm-lemma,3,3,3,3,7,100,0.15,0.85,inverse_parts,resources/text//ner/2119117743.txt,resources/results/skip/lm-lemma/ner/skip//240-3-1770477113.xml,0.9522173755,,found,resources/results/reviewer1/comment1-ner-lm-lemma.csv,0.791219256446,0.569873662909,0.643738391534,/run/media/wolf/KIOXIA/SentencePartitioning/resources/results/skip/lm-lemma/ner/skip/240-3-1770477113.xml,result_file
v19,ner,lm-lemma,3,3,3,3,7,100,0.15,0.85,inverse_sqrt_parts,resources/text//ner/1261464840.txt,resources/results/skip/lm-lemma/ner/skip//240-3-1447387563.xml,0.953198836787,,found,resources/results/reviewer1/comment1-ner-lm-lemma.csv,0.79734104617,0.571394791246,0.649442590418,/run/media/wolf/KIOXIA/SentencePartitioning/resources/results/skip/lm-lemma/ner/skip/240-3-1447387563.xml,result_file
v20,ner,lm-lemma,3,3,3,3,7,100,0.15,0.85,inverse_log_parts,resources/text//ner/934734674.txt,resources/results/skip/lm-lemma/ner/skip//240-3--1129172545.xml,0.951344965467,,found,resources/results/reviewer1/comment1-ner-lm-lemma.csv,0.758537416141,0.56987049833,0.63859144247,/run/media/wolf/KIOXIA/SentencePartitioning/resources/results/skip/lm-lemma/ner/skip/240-3--1129172545.xml,result_file
v21,ner,lm-lemma,3,3,3,3,7,100,0.3,0.7,none,resources/text//ner/-1782897280.txt,resources/results/skip/lm-lemma/ner/skip//240-3--781157221.xml,0.95294438386,,found,resources/results/reviewer1/comment1-ner-lm-lemma.csv,0.80185424816,0.57594532568,0.652414404749,/run/media/wolf/KIOXIA/SentencePartitioning/resources/results/skip/lm-lemma/ner/skip/240-3--781157221.xml,result_file
v22,ner,lm-lemma,3,3,3,3,7,100,0.3,0.7,inverse_parts,resources/text//ner/-1450759249.txt,resources/results/skip/lm-lemma/ner/skip//240-3--101231047.xml,0.951635768811,,found,resources/results/reviewer1/comment1-ner-lm-lemma.csv,0.789799971283,0.55902367149,0.636521590394,/run/media/wolf/KIOXIA/SentencePartitioning/resources/results/skip/lm-lemma/ner/skip/240-3--101231047.xml,result_file
v23,ner,lm-lemma,3,3,3,3,7,100,0.3,0.7,inverse_sqrt_parts,resources/text//ner/1986555144.txt,resources/results/skip/lm-lemma/ner/skip//240-3--424320597.xml,0.952199200291,,found,resources/results/reviewer1/comment1-ner-lm-lemma.csv,0.783683159622,0.555258368248,0.631716221837,/run/media/wolf/KIOXIA/SentencePartitioning/resources/results/skip/lm-lemma/ner/skip/240-3--424320597.xml,result_file
v24,ner,lm-lemma,3,3,3,3,7,100,0.3,0.7,inverse_log_parts,resources/text//ner/1659824978.txt,resources/results/skip/lm-lemma/ner/skip//240-3-1294086591.xml,0.952562704471,,found,resources/results/reviewer1/comment1-ner-lm-lemma.csv,0.771029975141,0.592503288474,0.656469688121,/run/media/wolf/KIOXIA/SentencePartitioning/resources/results/skip/lm-lemma/ner/skip/240-3-1294086591.xml,result_file
v25,ner,lm-lemma,3,3,3,3,7,100,0.5,0.5,none,resources/text//ner/-1189403264.txt,resources/results/skip/lm-lemma/ner/skip//240-3--533693285.xml,0.952853507815,,found,resources/results/reviewer1/comment1-ner-lm-lemma.csv,0.79557817981,0.567433796604,0.647739595622,/run/media/wolf/KIOXIA/SentencePartitioning/resources/results/skip/lm-lemma/ner/skip/240-3--533693285.xml,result_file
v26,ner,lm-lemma,3,3,3,3,7,100,0.5,0.5,inverse_parts,resources/text//ner/-857265233.txt,resources/results/skip/lm-lemma/ner/skip//240-3-146232889.xml,0.952181025082,,found,resources/results/reviewer1/comment1-ner-lm-lemma.csv,0.803650698908,0.571765250733,0.651672003898,/run/media/wolf/KIOXIA/SentencePartitioning/resources/results/skip/lm-lemma/ner/skip/240-3-146232889.xml,result_file
v27,ner,lm-lemma,3,3,3,3,7,100,0.5,0.5,inverse_sqrt_parts,resources/text//ner/-1714918136.txt,resources/results/skip/lm-lemma/ner/skip//240-3--176856661.xml,0.9522173755,,found,resources/results/reviewer1/comment1-ner-lm-lemma.csv,0.815381163802,0.572988725849,0.649620558827,/run/media/wolf/KIOXIA/SentencePartitioning/resources/results/skip/lm-lemma/ner/skip/240-3--176856661.xml,result_file
v28,ner,lm-lemma,3,3,3,3,7,100,0.5,0.5,inverse_log_parts,resources/text//ner/-2041648302.txt,resources/results/skip/lm-lemma/ner/skip//240-3-1541550527.xml,0.952199200291,,found,resources/results/reviewer1/comment1-ner-lm-lemma.csv,0.79570927294,0.574558931026,0.648994039714,/run/media/wolf/KIOXIA/SentencePartitioning/resources/results/skip/lm-lemma/ner/skip/240-3-1541550527.xml,result_file
v1,ner,lm-rank,2,2,1,2,7,100,0.15,0.85,none,resources/text//ner/249431159.txt,resources/results/skip/lm-rank/ner/skip//240-2--1826068211.xml,0.937422755362,,found,resources/results/reviewer1/comment1-ner-lm-rank.csv,0.708642294588,0.441961265827,0.526664107914,/run/media/wolf/KIOXIA/SentencePartitioning/resources/results/skip/lm-rank/ner/skip/240-2--1826068211.xml,result_file
v2,ner,lm-rank,2,2,3,2,7,100,0.15,0.85,none,resources/text//ner/249431845.txt,resources/results/skip/lm-rank/ner/skip//240-2-2128585961.xml,0.935005452563,,found,resources/results/reviewer1/comment1-ner-lm-rank.csv,0.70235357849,0.415527484145,0.493388889287,/run/media/wolf/KIOXIA/SentencePartitioning/resources/results/skip/lm-rank/ner/skip/240-2-2128585961.xml,result_file
v3,ner,lm-rank,2,2,5,2,7,100,0.15,0.85,none,resources/text//ner/249432531.txt,resources/results/skip/lm-rank/ner/skip//240-2-1788272837.xml,0.937150127226,,found,resources/results/reviewer1/comment1-ner-lm-rank.csv,0.694784136712,0.435109521768,0.512704939721,/run/media/wolf/KIOXIA/SentencePartitioning/resources/results/skip/lm-rank/ner/skip/240-2-1788272837.xml,result_file
v4,ner,lm-rank,3,3,1,3,7,100,0.15,0.85,none,resources/text//ner/249433616.txt,resources/results/skip/lm-rank/ner/skip//240-3--546851585.xml,0.937131952017,,found,resources/results/reviewer1/comment1-ner-lm-rank.csv,0.738586583644,0.427985119629,0.515935864921,/run/media/wolf/KIOXIA/SentencePartitioning/resources/results/skip/lm-rank/ner/skip/240-3--546851585.xml,result_file
v5,ner,lm-rank,3,3,3,3,7,100,0.15,0.85,none,resources/text//ner/249434302.txt,resources/results/skip/lm-rank/ner/skip//240-3--887164709.xml,0.935005452563,,found,resources/results/reviewer1/comment1-ner-lm-rank.csv,0.729481166256,0.399427417565,0.484380090062,/run/media/wolf/KIOXIA/SentencePartitioning/resources/results/skip/lm-rank/ner/skip/240-3--887164709.xml,result_file
v6,ner,lm-rank,3,3,5,3,7,100,0.15,0.85,none,resources/text//ner/249434988.txt,resources/results/skip/lm-rank/ner/skip//240-3--1227477833.xml,0.936968375136,,found,resources/results/reviewer1/comment1-ner-lm-rank.csv,0.710849925633,0.430853466903,0.512233742633,/run/media/wolf/KIOXIA/SentencePartitioning/resources/results/skip/lm-rank/ner/skip/240-3--1227477833.xml,result_file
v7,ner,lm-rank,4,4,1,4,7,100,0.15,0.85,none,resources/text//ner/249436073.txt,resources/results/skip/lm-rank/ner/skip//240-4-732365041.xml,0.936841148673,,found,resources/results/reviewer1/comment1-ner-lm-rank.csv,0.710455137517,0.427705180599,0.511715070791,/run/media/wolf/KIOXIA/SentencePartitioning/resources/results/skip/lm-rank/ner/skip/240-4-732365041.xml,result_file
v8,ner,lm-rank,4,4,3,4,7,100,0.15,0.85,none,resources/text//ner/249436759.txt,resources/results/skip/lm-rank/ner/skip//240-4-392051917.xml,0.935096328608,,found,resources/results/reviewer1/comment1-ner-lm-rank.csv,0.731349732677,0.421969006727,0.49767680857,/run/media/wolf/KIOXIA/SentencePartitioning/resources/results/skip/lm-rank/ner/skip/240-4-392051917.xml,result_file
v9,ner,lm-rank,4,4,5,4,7,100,0.15,0.85,none,resources/text//ner/249437445.txt,resources/results/skip/lm-rank/ner/skip//240-4-51738793.xml,0.936423118866,,found,resources/results/reviewer1/comment1-ner-lm-rank.csv,0.676598618904,0.434156761459,0.509055939065,/run/media/wolf/KIOXIA/SentencePartitioning/resources/results/skip/lm-rank/ner/skip/240-4-51738793.xml,result_file
v10,ner,lm-rank,3,3,3,3,7,100,0.0,1.0,none,resources/text//ner/-437643492.txt,resources/results/skip/lm-rank/ner/skip//240-3-2051807255.xml,0.936477644493,,found,resources/results/reviewer1/comment1-ner-lm-rank.csv,0.730692902744,0.416665395344,0.502652446619,/run/media/wolf/KIOXIA/SentencePartitioning/resources/results/skip/lm-rank/ner/skip/240-3-2051807255.xml,result_file
v11,ner,lm-rank,3,3,3,3,7,100,0.0,1.0,inverse_parts,resources/text//ner/-105505461.txt,resources/results/skip/lm-rank/ner/skip//240-3--1563233867.xml,0.936641221374,,found,resources/results/reviewer1/comment1-ner-lm-rank.csv,0.728106840798,0.424066052967,0.509035094014,/run/media/wolf/KIOXIA/SentencePartitioning/resources/results/skip/lm-rank/ner/skip/240-3--1563233867.xml,result_file
v12,ner,lm-rank,3,3,3,3,7,100,0.0,1.0,inverse_sqrt_parts,resources/text//ner/-963158364.txt,resources/results/skip/lm-rank/ner/skip//240-3--1886323417.xml,0.934660123591,,found,resources/results/reviewer1/comment1-ner-lm-rank.csv,0.758406172129,0.394372130209,0.478305759205,/run/media/wolf/KIOXIA/SentencePartitioning/resources/results/skip/lm-rank/ner/skip/240-3--1886323417.xml,result_file
v13,ner,lm-rank,3,3,3,3,7,100,0.0,1.0,inverse_log_parts,resources/text//ner/-1289888530.txt,resources/results/skip/lm-rank/ner/skip//240-3--167916229.xml,0.936059614686,,found,resources/results/reviewer1/comment1-ner-lm-rank.csv,0.728967431114,0.417076618482,0.501478619243,/run/media/wolf/KIOXIA/SentencePartitioning/resources/results/skip/lm-rank/ner/skip/240-3--167916229.xml,result_file
v14,ner,lm-rank,3,3,3,3,7,100,0.05,0.95,none,resources/text//ner/-1711814143.txt,resources/results/skip/lm-rank/ner/skip//240-3--496453727.xml,0.935478007997,,found,resources/results/reviewer1/comment1-ner-lm-rank.csv,0.69232076516,0.410085048698,0.491423798084,/run/media/wolf/KIOXIA/SentencePartitioning/resources/results/skip/lm-rank/ner/skip/240-3--496453727.xml,result_file
v15,ner,lm-rank,3,3,3,3,7,100,0.05,0.95,inverse_parts,resources/text//ner/-1379676112.txt,resources/results/skip/lm-rank/ner/skip//240-3-183472447.xml,0.936495819702,,found,resources/results/reviewer1/comment1-ner-lm-rank.csv,0.70356429873,0.428479902111,0.506898448336,/run/media/wolf/KIOXIA/SentencePartitioning/resources/results/skip/lm-rank/ner/skip/240-3-183472447.xml,result_file
v16,ner,lm-rank,3,3,3,3,7,100,0.05,0.95,inverse_sqrt_parts,resources/text//ner/2057638281.txt,resources/results/skip/lm-rank/ner/skip//240-3--139617103.xml,0.936095965104,,found,resources/results/reviewer1/comment1-ner-lm-rank.csv,0.714237293647,0.436504192213,0.515853799628,/run/media/wolf/KIOXIA/SentencePartitioning/resources/results/skip/lm-rank/ner/skip/240-3--139617103.xml,result_file
v17,ner,lm-rank,3,3,3,3,7,100,0.05,0.95,inverse_log_parts,resources/text//ner/1730908115.txt,resources/results/skip/lm-rank/ner/skip//240-3-1578790085.xml,0.934823700473,,found,resources/results/reviewer1/comment1-ner-lm-rank.csv,0.68197280743,0.417562069565,0.491709780631,/run/media/wolf/KIOXIA/SentencePartitioning/resources/results/skip/lm-rank/ner/skip/240-3-1578790085.xml,result_file
v18,ner,lm-rank,3,3,3,3,7,100,0.15,0.85,inverse_parts,resources/text//ner/-533848757.txt,resources/results/skip/lm-rank/ner/skip//240-3--1715277387.xml,0.934151217739,,found,resources/results/reviewer1/comment1-ner-lm-rank.csv,0.71544088627,0.410484241259,0.488015491643,/run/media/wolf/KIOXIA/SentencePartitioning/resources/results/skip/lm-rank/ner/skip/240-3--1715277387.xml,result_file
v19,ner,lm-rank,3,3,3,3,7,100,0.15,0.85,inverse_sqrt_parts,resources/text//ner/-1391501660.txt,resources/results/skip/lm-rank/ner/skip//240-3--2038366937.xml,0.934914576518,,found,resources/results/reviewer1/comment1-ner-lm-rank.csv,0.731202483221,0.401649599351,0.486724800581,/run/media/wolf/KIOXIA/SentencePartitioning/resources/results/skip/lm-rank/ner/skip/240-3--2038366937.xml,result_file
v20,ner,lm-rank,3,3,3,3,7,100,0.15,0.85,inverse_log_parts,resources/text//ner/-1718231826.txt,resources/results/skip/lm-rank/ner/skip//240-3--319959749.xml,0.936059614686,,found,resources/results/reviewer1/comment1-ner-lm-rank.csv,0.723927987286,0.403778996309,0.478385790616,/run/media/wolf/KIOXIA/SentencePartitioning/resources/results/skip/lm-rank/ner/skip/240-3--319959749.xml,result_file
v21,ner,lm-rank,3,3,3,3,7,100,0.3,0.7,none,resources/text//ner/-140896484.txt,resources/results/skip/lm-rank/ner/skip//240-3-28055575.xml,0.935150854235,,found,resources/results/reviewer1/comment1-ner-lm-rank.csv,0.687851185287,0.396790025137,0.476779146141,/run/media/wolf/KIOXIA/SentencePartitioning/resources/results/skip/lm-rank/ner/skip/240-3-28055575.xml,result_file
v22,ner,lm-rank,3,3,3,3,7,100,0.3,0.7,inverse_parts,resources/text//ner/191241547.txt,resources/results/skip/lm-rank/ner/skip//240-3-707981749.xml,0.936277717194,,found,resources/results/reviewer1/comment1-ner-lm-rank.csv,0.690987490187,0.41269994251,0.488815321129,/run/media/wolf/KIOXIA/SentencePartitioning/resources/results/skip/lm-rank/ner/skip/240-3-707981749.xml,result_file
v23,ner,lm-rank,3,3,3,3,7,100,0.3,0.7,inverse_sqrt_parts,resources/text//ner/-666411356.txt,resources/results/skip/lm-rank/ner/skip//240-3-384892199.xml,0.934823700473,,found,resources/results/reviewer1/comment1-ner-lm-rank.csv,0.705302611679,0.39545677693,0.47768800477,/run/media/wolf/KIOXIA/SentencePartitioning/resources/results/skip/lm-rank/ner/skip/240-3-384892199.xml,result_file
v24,ner,lm-rank,3,3,3,3,7,100,0.3,0.7,inverse_log_parts,resources/text//ner/-993141522.txt,resources/results/skip/lm-rank/ner/skip//240-3-2103299387.xml,0.933787713559,,found,resources/results/reviewer1/comment1-ner-lm-rank.csv,0.682494546795,0.406862057009,0.482751571787,/run/media/wolf/KIOXIA/SentencePartitioning/resources/results/skip/lm-rank/ner/skip/240-3-2103299387.xml,result_file
v25,ner,lm-rank,3,3,3,3,7,100,0.5,0.5,none,resources/text//ner/452597532.txt,resources/results/skip/lm-rank/ner/skip//240-3-275519511.xml,0.935023627772,,found,resources/results/reviewer1/comment1-ner-lm-rank.csv,0.678609140002,0.412985852349,0.491258707796,/run/media/wolf/KIOXIA/SentencePartitioning/resources/results/skip/lm-rank/ner/skip/240-3-275519511.xml,result_file
v26,ner,lm-rank,3,3,3,3,7,100,0.5,0.5,inverse_parts,resources/text//ner/784735563.txt,resources/results/skip/lm-rank/ner/skip//240-3-955445685.xml,0.934896401309,,found,resources/results/reviewer1/comment1-ner-lm-rank.csv,0.709774634246,0.415181416978,0.498209212856,/run/media/wolf/KIOXIA/SentencePartitioning/resources/results/skip/lm-rank/ner/skip/240-3-955445685.xml,result_file
v27,ner,lm-rank,3,3,3,3,7,100,0.5,0.5,inverse_sqrt_parts,resources/text//ner/-72917340.txt,resources/results/skip/lm-rank/ner/skip//240-3-632356135.xml,0.936223191567,,found,resources/results/reviewer1/comment1-ner-lm-rank.csv,0.699699960756,0.435279462636,0.517694458776,/run/media/wolf/KIOXIA/SentencePartitioning/resources/results/skip/lm-rank/ner/skip/240-3-632356135.xml,result_file
v28,ner,lm-rank,3,3,3,3,7,100,0.5,0.5,inverse_log_parts,resources/text//ner/-399647506.txt,resources/results/skip/lm-rank/ner/skip//240-3--1944203973.xml,0.93596873864,,found,resources/results/reviewer1/comment1-ner-lm-rank.csv,0.692707939519,0.420281286931,0.502093585395,/run/media/wolf/KIOXIA/SentencePartitioning/resources/results/skip/lm-rank/ner/skip/240-3--1944203973.xml,result_file
v1,ner,lm-skip,2,2,1,2,7,100,0.15,0.85,none,resources/text//ner/249470410.txt,resources/results/skip/lm-skip/ner/skip//240-2-1110150456.xml,0.951526717557,,found,resources/results/reviewer1/comment1-ner-lm-skip.csv,0.805821410643,0.587262217538,0.664318780156,/run/media/wolf/KIOXIA/SentencePartitioning/resources/results/skip/lm-skip/ner/skip/240-2-1110150456.xml,result_file
v2,ner,lm-skip,2,2,3,2,7,100,0.15,0.85,none,resources/text//ner/249471096.txt,resources/results/skip/lm-skip/ner/skip//240-2-769837332.xml,0.943147946201,,found,resources/results/reviewer1/comment1-ner-lm-skip.csv,0.785275322462,0.484845356959,0.565077130761,/run/media/wolf/KIOXIA/SentencePartitioning/resources/results/skip/lm-skip/ner/skip/240-2-769837332.xml,result_file
v3,ner,lm-skip,2,2,5,2,7,100,0.15,0.85,none,resources/text//ner/249471782.txt,resources/results/skip/lm-skip/ner/skip//240-2-429524208.xml,0.939985459833,,found,resources/results/reviewer1/comment1-ner-lm-skip.csv,0.699098765948,0.452194094017,0.524024298217,/run/media/wolf/KIOXIA/SentencePartitioning/resources/results/skip/lm-skip/ner/skip/240-2-429524208.xml,result_file
v4,ner,lm-skip,3,3,1,3,7,100,0.15,0.85,none,resources/text//ner/249472867.txt,resources/results/skip/lm-skip/ner/skip//240-3--1905600214.xml,0.95203562341,,found,resources/results/reviewer1/comment1-ner-lm-skip.csv,0.79684207287,0.581328900562,0.658626980993,/run/media/wolf/KIOXIA/SentencePartitioning/resources/results/skip/lm-skip/ner/skip/240-3--1905600214.xml,result_file
v5,ner,lm-skip,3,3,3,3,7,100,0.15,0.85,none,resources/text//ner/249473553.txt,resources/results/skip/lm-skip/ner/skip//240-3-2049053958.xml,0.944111232279,,found,resources/results/reviewer1/comment1-ner-lm-skip.csv,0.772819968422,0.505001669533,0.584255376006,/run/media/wolf/KIOXIA/SentencePartitioning/resources/results/skip/lm-skip/ner/skip/240-3-2049053958.xml,result_file
v6,ner,lm-skip,3,3,5,3,7,100,0.15,0.85,none,resources/text//ner/249474239.txt,resources/results/skip/lm-skip/ner/skip//240-3-1708740834.xml,0.941784805525,,found,resources/results/reviewer1/comment1-ner-lm-skip.csv,0.733813082318,0.461498761606,0.537100290461,/run/media/wolf/KIOXIA/SentencePartitioning/resources/results/skip/lm-skip/ner/skip/240-3-1708740834.xml,result_file
v7,ner,lm-skip,4,4,1,4,7,100,0.15,0.85,none,resources/text//ner/249475324.txt,resources/results/skip/lm-skip/ner/skip//240-4--626383588.xml,0.952798982188,,found,resources/results/reviewer1/comment1-ner-lm-skip.csv,0.80938893559,0.590894319442,0.66986246136,/run/media/wolf/KIOXIA/SentencePartitioning/resources/results/skip/lm-skip/ner/skip/240-4--626383588.xml,result_file
v8,ner,lm-skip,4,4,3,4,7,100,0.15,0.85,none,resources/text//ner/249476010.txt,resources/results/skip/lm-skip/ner/skip//240-4--966696712.xml,0.942693565976,,found,resources/results/reviewer1/comment1-ner-lm-skip.csv,0.769966655193,0.484062788933,0.573470612969,/run/media/wolf/KIOXIA/SentencePartitioning/resources/results/skip/lm-skip/ner/skip/240-4--966696712.xml,result_file
v9,ner,lm-skip,4,4,5,4,7,100,0.15,0.85,none,resources/text//ner/249476696.txt,resources/results/skip/lm-skip/ner/skip//240-4--1307009836.xml,0.942039258451,,found,resources/results/reviewer1/comment1-ner-lm-skip.csv,0.731717573734,0.466965200677,0.542218730428,/run/media/wolf/KIOXIA/SentencePartitioning/resources/results/skip/lm-skip/ner/skip/240-4--1307009836.xml,result_file
v1,ner,lm-subword,2,2,1,2,7,100,0.15,0.85,none,resources/text//ner/74555517.txt,resources/results/skip/lm-subword/ner/skip//240-2-1107668419.xml,0.939949109415,,found,resources/results/reviewer1/comment1-ner-lm-subword.csv,0.79029663848,0.49601612765,0.591842782176,/run/media/wolf/KIOXIA/SentencePartitioning/resources/results/skip/lm-subword/ner/skip/240-2-1107668419.xml,result_file
v2,ner,lm-subword,2,2,3,2,7,100,0.15,0.85,none,resources/text//ner/74556203.txt,resources/results/skip/lm-subword/ner/skip//240-2-767355295.xml,0.942366412214,,found,resources/results/reviewer1/comment1-ner-lm-subword.csv,0.741386926423,0.491668883767,0.571039239604,/run/media/wolf/KIOXIA/SentencePartitioning/resources/results/skip/lm-subword/ner/skip/240-2-767355295.xml,result_file
v3,ner,lm-subword,2,2,5,2,7,100,0.15,0.85,none,resources/text//ner/74556889.txt,resources/results/skip/lm-subword/ner/skip//240-2-427042171.xml,0.941203198837,,found,resources/results/reviewer1/comment1-ner-lm-subword.csv,0.736250934176,0.441980334339,0.520242466144,/run/media/wolf/KIOXIA/SentencePartitioning/resources/results/skip/lm-subword/ner/skip/240-2-427042171.xml,result_file
v4,ner,lm-subword,3,3,1,3,7,100,0.15,0.85,none,resources/text//ner/74557974.txt,resources/results/skip/lm-subword/ner/skip//240-3--1908082251.xml,0.936913849509,,found,resources/results/reviewer1/comment1-ner-lm-subword.csv,0.817437406142,0.433743163547,0.533782056479,/run/media/wolf/KIOXIA/SentencePartitioning/resources/results/skip/lm-subword/ner/skip/240-3--1908082251.xml,result_file
v5,ner,lm-subword,3,3,3,3,7,100,0.15,0.85,none,resources/text//ner/74558660.txt,resources/results/skip/lm-subword/ner/skip//240-3-2046571921.xml,0.940912395493,,found,resources/results/reviewer1/comment1-ner-lm-subword.csv,0.714136057825,0.483428202103,0.559434754548,/run/media/wolf/KIOXIA/SentencePartitioning/resources/results/skip/lm-subword/ner/skip/240-3-2046571921.xml,result_file
v6,ner,lm-subword,3,3,5,3,7,100,0.15,0.85,none,resources/text//ner/74559346.txt,resources/results/skip/lm-subword/ner/skip//240-3-1706258797.xml,0.942729916394,,found,resources/results/reviewer1/comment1-ner-lm-subword.csv,0.714636846207,0.481194118429,0.557017063095,/run/media/wolf/KIOXIA/SentencePartitioning/resources/results/skip/lm-subword/ner/skip/240-3-1706258797.xml,result_file
v7,ner,lm-subword,4,4,1,4,7,100,0.15,0.85,none,resources/text//ner/74560431.txt,resources/results/skip/lm-subword/ner/skip//240-4--628865625.xml,0.93745910578,,found,resources/results/reviewer1/comment1-ner-lm-subword.csv,0.79369223988,0.445615687867,0.545935691499,/run/media/wolf/KIOXIA/SentencePartitioning/resources/results/skip/lm-subword/ner/skip/240-4--628865625.xml,result_file
v8,ner,lm-subword,4,4,3,4,7,100,0.15,0.85,none,resources/text//ner/74561117.txt,resources/results/skip/lm-subword/ner/skip//240-4--969178749.xml,0.94225736096,,found,resources/results/reviewer1/comment1-ner-lm-subword.csv,0.748598766985,0.479005984561,0.560875006391,/run/media/wolf/KIOXIA/SentencePartitioning/resources/results/skip/lm-subword/ner/skip/240-4--969178749.xml,result_file
v9,ner,lm-subword,4,4,5,4,7,100,0.15,0.85,none,resources/text//ner/74561803.txt,resources/results/skip/lm-subword/ner/skip//240-4--1309491873.xml,0.940876045075,,found,resources/results/reviewer1/comment1-ner-lm-subword.csv,0.714596353987,0.455008622412,0.532700465551,/run/media/wolf/KIOXIA/SentencePartitioning/resources/results/skip/lm-subword/ner/skip/240-4--1309491873.xml,result_file
v10,ner,lm-subword,3,3,3,3,7,100,0.15,0.85,none,resources/text//ner/113265181.txt,resources/results/skip/lm-subword/ner/skip//240-3-1040316675.xml,0.941566703017,,found,resources/results/reviewer1/comment1-ner-lm-subword.csv,0.708602745582,0.481683787918,0.561357150244,/run/media/wolf/KIOXIA/SentencePartitioning/resources/results/skip/lm-subword/ner/skip/240-3-1040316675.xml,result_file
v11,ner,lm-subword,3,3,3,3,7,100,0.15,0.85,none,resources/text//ner/117382896.txt,resources/results/skip/lm-subword/ner/skip//240-3-567739113.xml,0.941893856779,,found,resources/results/reviewer1/comment1-ner-lm-subword.csv,0.725091914529,0.476321548597,0.552080256486,/run/media/wolf/KIOXIA/SentencePartitioning/resources/results/skip/lm-subword/ner/skip/240-3-567739113.xml,result_file
v12,ner,lm-subword,3,3,3,3,7,100,0.15,0.85,none,resources/text//ner/125618326.txt,resources/results/skip/lm-subword/ner/skip//240-3--377416011.xml,0.942130134497,,found,resources/results/reviewer1/comment1-ner-lm-subword.csv,0.73777411946,0.493526000236,0.571701686345,/run/media/wolf/KIOXIA/SentencePartitioning/resources/results/skip/lm-subword/ner/skip/240-3--377416011.xml,result_file
v1,ner,lm-syllable,2,2,1,2,7,100,0.15,0.85,none,resources/text//ner/1312390923.txt,resources/results/skip/lm-syllable/ner/skip//240-2--502145215.xml,0.950109051254,,found,resources/results/reviewer1/comment1-ner-lm-syllable.csv,,,0.950109051254,/run/media/wolf/KIOXIA/SentencePartitioning/resources/results/skip/lm-syllable/ner/skip/240-2--502145215.xml,result_file
v2,ner,lm-syllable,2,2,3,2,7,100,0.15,0.85,none,resources/text//ner/1312391609.txt,resources/results/skip/lm-syllable/ner/skip//240-2--842458339.xml,0.938949472919,,found,resources/results/reviewer1/comment1-ner-lm-syllable.csv,,,0.938949472919,/run/media/wolf/KIOXIA/SentencePartitioning/resources/results/skip/lm-syllable/ner/skip/240-2--842458339.xml,result_file
v3,ner,lm-syllable,2,2,5,2,7,100,0.15,0.85,none,resources/text//ner/1312392295.txt,resources/results/skip/lm-syllable/ner/skip//240-2--1182771463.xml,0.941257724464,,found,resources/results/reviewer1/comment1-ner-lm-syllable.csv,0.764983420204,0.463902886797,0.554074479444,/run/media/wolf/KIOXIA/SentencePartitioning/resources/results/skip/lm-syllable/ner/skip/240-2--1182771463.xml,result_file
v4,ner,lm-syllable,3,3,1,3,7,100,0.15,0.85,none,resources/text//ner/1312393380.txt,resources/results/skip/lm-syllable/ner/skip//240-3-777071411.xml,0.950690657943,,found,resources/results/reviewer1/comment1-ner-lm-syllable.csv,0.782068611959,0.613944387458,0.679995392641,/run/media/wolf/KIOXIA/SentencePartitioning/resources/results/skip/lm-syllable/ner/skip/240-3-777071411.xml,result_file
v5,ner,lm-syllable,3,3,3,3,7,100,0.15,0.85,none,resources/text//ner/1312394066.txt,resources/results/skip/lm-syllable/ner/skip//240-3-436758287.xml,0.93856779353,,found,resources/results/reviewer1/comment1-ner-lm-syllable.csv,0.76895360068,0.43949517587,0.531074996221,/run/media/wolf/KIOXIA/SentencePartitioning/resources/results/skip/lm-syllable/ner/skip/240-3-436758287.xml,result_file
v6,ner,lm-syllable,3,3,5,3,7,100,0.15,0.85,none,resources/text//ner/1312394752.txt,resources/results/skip/lm-syllable/ner/skip//240-3-96445163.xml,0.940439840058,,found,resources/results/reviewer1/comment1-ner-lm-syllable.csv,0.74336635683,0.469779430115,0.557448721463,/run/media/wolf/KIOXIA/SentencePartitioning/resources/results/skip/lm-syllable/ner/skip/240-3-96445163.xml,result_file
v7,ner,lm-syllable,4,4,1,4,7,100,0.15,0.85,none,resources/text//ner/1312395837.txt,resources/results/skip/lm-syllable/ner/skip//240-4-2056288037.xml,0.950781533988,,found,resources/results/reviewer1/comment1-ner-lm-syllable.csv,0.7715357528,0.624056306768,0.682858516552,/run/media/wolf/KIOXIA/SentencePartitioning/resources/results/skip/lm-syllable/ner/skip/240-4-2056288037.xml,result_file
v8,ner,lm-syllable,4,4,3,4,7,100,0.15,0.85,none,resources/text//ner/1312396523.txt,resources/results/skip/lm-syllable/ner/skip//240-4-1715974913.xml,0.938313340603,,found,resources/results/reviewer1/comment1-ner-lm-syllable.csv,0.757569753578,0.447900514702,0.536667476637,/run/media/wolf/KIOXIA/SentencePartitioning/resources/results/skip/lm-syllable/ner/skip/240-4-1715974913.xml,result_file
v9,ner,lm-syllable,4,4,5,4,7,100,0.15,0.85,none,resources/text//ner/1312397209.txt,resources/results/skip/lm-syllable/ner/skip//240-4-1375661789.xml,0.940458015267,,found,resources/results/reviewer1/comment1-ner-lm-syllable.csv,0.746421509062,0.471927675902,0.549904938564,/run/media/wolf/KIOXIA/SentencePartitioning/resources/results/skip/lm-syllable/ner/skip/240-4-1375661789.xml,result_file
v1,pos,frequent-ngram,2,2,1,2,7,100,0.15,0.85,none,resources/text//pos/175838085.txt,resources/results/skip/frequent-ngram/pos/skip//240-2-733130507.xml,0.817075664622,,found,resources/results/reviewer1/comment1-pos-frequent-ngram.csv,0.559133887321,0.471984248187,0.477612098845,/run/media/wolf/KIOXIA/SentencePartitioning/resources/results/skip/frequent-ngram/pos/skip/240-2-733130507.xml,result_file
v2,pos,frequent-ngram,2,2,3,2,7,100,0.15,0.85,none,resources/text//pos/175838771.txt,resources/results/skip/frequent-ngram/pos/skip//240-2-392817383.xml,0.819018404908,,found,resources/results/reviewer1/comment1-pos-frequent-ngram.csv,0.586048106462,0.47161680973,0.481695088984,/run/media/wolf/KIOXIA/SentencePartitioning/resources/results/skip/frequent-ngram/pos/skip/240-2-392817383.xml,result_file
v3,pos,frequent-ngram,2,2,5,2,7,100,0.15,0.85,none,resources/text//pos/175839457.txt,resources/results/skip/frequent-ngram/pos/skip//240-2-52504259.xml,0.813292433538,,found,resources/results/reviewer1/comment1-pos-frequent-ngram.csv,0.564722822375,0.455724903337,0.462311014517,/run/media/wolf/KIOXIA/SentencePartitioning/resources/results/skip/frequent-ngram/pos/skip/240-2-52504259.xml,result_file
v4,pos,frequent-ngram,3,3,1,3,7,100,0.15,0.85,none,resources/text//pos/175840542.txt,resources/results/skip/frequent-ngram/pos/skip//240-3-2012347133.xml,0.814468302658,,found,resources/results/reviewer1/comment1-pos-frequent-ngram.csv,0.586154439455,0.460408906332,0.473342906409,/run/media/wolf/KIOXIA/SentencePartitioning/resources/results/skip/frequent-ngram/pos/skip/240-3-2012347133.xml,result_file
v5,pos,frequent-ngram,3,3,3,3,7,100,0.15,0.85,none,resources/text//pos/175841228.txt,resources/results/skip/frequent-ngram/pos/skip//240-3-1672034009.xml,0.817382413088,,found,resources/results/reviewer1/comment1-pos-frequent-ngram.csv,0.584558512694,0.469809474999,0.477751271798,/run/media/wolf/KIOXIA/SentencePartitioning/resources/results/skip/frequent-ngram/pos/skip/240-3-1672034009.xml,result_file
v6,pos,frequent-ngram,3,3,5,3,7,100,0.15,0.85,none,resources/text//pos/175841914.txt,resources/results/skip/frequent-ngram/pos/skip//240-3-1331720885.xml,0.813343558282,,found,resources/results/reviewer1/comment1-pos-frequent-ngram.csv,0.565479039524,0.460776893226,0.462524339047,/run/media/wolf/KIOXIA/SentencePartitioning/resources/results/skip/frequent-ngram/pos/skip/240-3-1331720885.xml,result_file
v7,pos,frequent-ngram,4,4,1,4,7,100,0.15,0.85,none,resources/text//pos/175842999.txt,resources/results/skip/frequent-ngram/pos/skip//240-4--1003403537.xml,0.814417177914,,found,resources/results/reviewer1/comment1-pos-frequent-ngram.csv,0.557069143707,0.463747997378,0.473224762494,/run/media/wolf/KIOXIA/SentencePartitioning/resources/results/skip/frequent-ngram/pos/skip/240-4--1003403537.xml,result_file
v8,pos,frequent-ngram,4,4,3,4,7,100,0.15,0.85,none,resources/text//pos/175843685.txt,resources/results/skip/frequent-ngram/pos/skip//240-4--1343716661.xml,0.811758691207,,found,resources/results/reviewer1/comment1-pos-frequent-ngram.csv,0.561935699593,0.45740726488,0.46045343375,/run/media/wolf/KIOXIA/SentencePartitioning/resources/results/skip/frequent-ngram/pos/skip/240-4--1343716661.xml,result_file
v9,pos,frequent-ngram,4,4,5,4,7,100,0.15,0.85,none,resources/text//pos/175844371.txt,resources/results/skip/frequent-ngram/pos/skip//240-4--1684029785.xml,0.816257668712,,found,resources/results/reviewer1/comment1-pos-frequent-ngram.csv,0.566315871194,0.464938752195,0.471494022881,/run/media/wolf/KIOXIA/SentencePartitioning/resources/results/skip/frequent-ngram/pos/skip/240-4--1684029785.xml,result_file
v1,pos,lm-lemma,2,2,1,2,7,100,0.15,0.85,none,resources/text//pos/-1392569637.txt,resources/results/skip/lm-lemma/pos/skip//240-2-1659686289.xml,0.873619631902,,found,resources/results/reviewer1/comment1-pos-lm-lemma.csv,0.671904652837,0.615923340356,0.627157704201,/run/media/wolf/KIOXIA/SentencePartitioning/resources/results/skip/lm-lemma/pos/skip/240-2-1659686289.xml,result_file
v2,pos,lm-lemma,2,2,3,2,7,100,0.15,0.85,none,resources/text//pos/-1392568951.txt,resources/results/skip/lm-lemma/pos/skip//240-2-1319373165.xml,0.872290388548,,found,resources/results/reviewer1/comment1-pos-lm-lemma.csv,0.661326292459,0.612981101173,0.62796583431,/run/media/wolf/KIOXIA/SentencePartitioning/resources/results/skip/lm-lemma/pos/skip/240-2-1319373165.xml,result_file
v3,pos,lm-lemma,2,2,5,2,7,100,0.15,0.85,none,resources/text//pos/-1392568265.txt,resources/results/skip/lm-lemma/pos/skip//240-2-979060041.xml,0.873619631902,,found,resources/results/reviewer1/comment1-pos-lm-lemma.csv,0.686911846589,0.627835325664,0.634811551875,/run/media/wolf/KIOXIA/SentencePartitioning/resources/results/skip/lm-lemma/pos/skip/240-2-979060041.xml,result_file
v4,pos,lm-lemma,3,3,1,3,7,100,0.15,0.85,none,resources/text//pos/-1392567180.txt,resources/results/skip/lm-lemma/pos/skip//240-3--1356064381.xml,0.871779141104,,found,resources/results/reviewer1/comment1-pos-lm-lemma.csv,0.647663215789,0.618149521443,0.623650448134,/run/media/wolf/KIOXIA/SentencePartitioning/resources/results/skip/lm-lemma/pos/skip/240-3--1356064381.xml,result_file
v5,pos,lm-lemma,3,3,3,3,7,100,0.15,0.85,none,resources/text//pos/-1392566494.txt,resources/results/skip/lm-lemma/pos/skip//240-3--1696377505.xml,0.869120654397,,found,resources/results/reviewer1/comment1-pos-lm-lemma.csv,0.638157666199,0.609407044901,0.614352667601,/run/media/wolf/KIOXIA/SentencePartitioning/resources/results/skip/lm-lemma/pos/skip/240-3--1696377505.xml,result_file
v6,pos,lm-lemma,3,3,5,3,7,100,0.15,0.85,none,resources/text//pos/-1392565808.txt,resources/results/skip/lm-lemma/pos/skip//240-3--2036690629.xml,0.869018404908,,found,resources/results/reviewer1/comment1-pos-lm-lemma.csv,0.639318314169,0.614918613918,0.61872710465,/run/media/wolf/KIOXIA/SentencePartitioning/resources/results/skip/lm-lemma/pos/skip/240-3--2036690629.xml,result_file
v7,pos,lm-lemma,4,4,1,4,7,100,0.15,0.85,none,resources/text//pos/-1392564723.txt,resources/results/skip/lm-lemma/pos/skip//240-4--76847755.xml,0.871983640082,,found,resources/results/reviewer1/comment1-pos-lm-lemma.csv,0.653025219035,0.623117409509,0.630792918673,/run/media/wolf/KIOXIA/SentencePartitioning/resources/results/skip/lm-lemma/pos/skip/240-4--76847755.xml,result_file
v8,pos,lm-lemma,4,4,3,4,7,100,0.15,0.85,none,resources/text//pos/-1392564037.txt,resources/results/skip/lm-lemma/pos/skip//240-4--417160879.xml,0.874795501022,,found,resources/results/reviewer1/comment1-pos-lm-lemma.csv,0.715826197952,0.63366660555,0.645612056817,/run/media/wolf/KIOXIA/SentencePartitioning/resources/results/skip/lm-lemma/pos/skip/240-4--417160879.xml,result_file
v9,pos,lm-lemma,4,4,5,4,7,100,0.15,0.85,none,resources/text//pos/-1392563351.txt,resources/results/skip/lm-lemma/pos/skip//240-4--757474003.xml,0.869683026585,,found,resources/results/reviewer1/comment1-pos-lm-lemma.csv,0.646890859637,0.609276762862,0.616656603597,/run/media/wolf/KIOXIA/SentencePartitioning/resources/results/skip/lm-lemma/pos/skip/240-4--757474003.xml,result_file
v10,pos,lm-lemma,3,3,3,3,7,100,0.0,1.0,none,resources/text//pos/-2079644288.txt,resources/results/skip/lm-lemma/pos/skip//240-3-1242594459.xml,0.870501022495,,found,resources/results/reviewer1/comment1-pos-lm-lemma.csv,0.645397217159,0.613243359249,0.621752456097,/run/media/wolf/KIOXIA/SentencePartitioning/resources/results/skip/lm-lemma/pos/skip/240-3-1242594459.xml,result_file
v11,pos,lm-lemma,3,3,3,3,7,100,0.0,1.0,inverse_parts,resources/text//pos/-1747506257.txt,resources/results/skip/lm-lemma/pos/skip//240-3-1922520633.xml,0.873466257669,,found,resources/results/reviewer1/comment1-pos-lm-lemma.csv,0.651459413118,0.619312082419,0.627610908089,/run/media/wolf/KIOXIA/SentencePartitioning/resources/results/skip/lm-lemma/pos/skip/240-3-1922520633.xml,result_file
v12,pos,lm-lemma,3,3,3,3,7,100,0.0,1.0,inverse_sqrt_parts,resources/text//pos/1689808136.txt,resources/results/skip/lm-lemma/pos/skip//240-3-1599431083.xml,0.872699386503,,found,resources/results/reviewer1/comment1-pos-lm-lemma.csv,0.647123894053,0.61671237557,0.62207732245,/run/media/wolf/KIOXIA/SentencePartitioning/resources/results/skip/lm-lemma/pos/skip/240-3-1599431083.xml,result_file
v13,pos,lm-lemma,3,3,3,3,7,100,0.0,1.0,inverse_log_parts,resources/text//pos/1363077970.txt,resources/results/skip/lm-lemma/pos/skip//240-3--977129025.xml,0.870245398773,,found,resources/results/reviewer1/comment1-pos-lm-lemma.csv,0.64777395945,0.61238684156,0.621366946834,/run/media/wolf/KIOXIA/SentencePartitioning/resources/results/skip/lm-lemma/pos/skip/240-3--977129025.xml,result_file
v14,pos,lm-lemma,3,3,3,3,7,100,0.05,0.95,none,resources/text//pos/941152357.txt,resources/results/skip/lm-lemma/pos/skip//240-3--1305666523.xml,0.869580777096,,found,resources/results/reviewer1/comment1-pos-lm-lemma.csv,0.652843866123,0.607649106505,0.617064423602,/run/media/wolf/KIOXIA/SentencePartitioning/resources/results/skip/lm-lemma/pos/skip/240-3--1305666523.xml,result_file
v15,pos,lm-lemma,3,3,3,3,7,100,0.05,0.95,inverse_parts,resources/text//pos/1273290388.txt,resources/results/skip/lm-lemma/pos/skip//240-3--625740349.xml,0.871319018405,,found,resources/results/reviewer1/comment1-pos-lm-lemma.csv,0.646719236964,0.610283237032,0.618802637214,/run/media/wolf/KIOXIA/SentencePartitioning/resources/results/skip/lm-lemma/pos/skip/240-3--625740349.xml,result_file
v16,pos,lm-lemma,3,3,3,3,7,100,0.05,0.95,inverse_sqrt_parts,resources/text//pos/415637485.txt,resources/results/skip/lm-lemma/pos/skip//240-3--948829899.xml,0.874079754601,,found,resources/results/reviewer1/comment1-pos-lm-lemma.csv,0.715483074796,0.622988438381,0.634760901784,/run/media/wolf/KIOXIA/SentencePartitioning/resources/results/skip/lm-lemma/pos/skip/240-3--948829899.xml,result_file
v17,pos,lm-lemma,3,3,3,3,7,100,0.05,0.95,inverse_log_parts,resources/text//pos/88907319.txt,resources/results/skip/lm-lemma/pos/skip//240-3-769577289.xml,0.873568507157,,found,resources/results/reviewer1/comment1-pos-lm-lemma.csv,0.722015799537,0.617543443236,0.635365215101,/run/media/wolf/KIOXIA/SentencePartitioning/resources/results/skip/lm-lemma/pos/skip/240-3-769577289.xml,result_file
v18,pos,lm-lemma,3,3,3,3,7,100,0.15,0.85,inverse_parts,resources/text//pos/2119117743.txt,resources/results/skip/lm-lemma/pos/skip//240-3-1770477113.xml,0.868558282209,,found,resources/results/reviewer1/comment1-pos-lm-lemma.csv,0.644528667691,0.603293193748,0.614235593855,/run/media/wolf/KIOXIA/SentencePartitioning/resources/results/skip/lm-lemma/pos/skip/240-3-1770477113.xml,result_file
v19,pos,lm-lemma,3,3,3,3,7,100,0.15,0.85,inverse_sqrt_parts,resources/text//pos/1261464840.txt,resources/results/skip/lm-lemma/pos/skip//240-3-1447387563.xml,0.872699386503,,found,resources/results/reviewer1/comment1-pos-lm-lemma.csv,0.645820268293,0.622024459483,0.626998478388,/run/media/wolf/KIOXIA/SentencePartitioning/resources/results/skip/lm-lemma/pos/skip/240-3-1447387563.xml,result_file
v20,pos,lm-lemma,3,3,3,3,7,100,0.15,0.85,inverse_log_parts,resources/text//pos/934734674.txt,resources/results/skip/lm-lemma/pos/skip//240-3--1129172545.xml,0.872392638037,,found,resources/results/reviewer1/comment1-pos-lm-lemma.csv,0.647392078348,0.619652807661,0.625807333129,/run/media/wolf/KIOXIA/SentencePartitioning/resources/results/skip/lm-lemma/pos/skip/240-3--1129172545.xml,result_file
v21,pos,lm-lemma,3,3,3,3,7,100,0.3,0.7,none,resources/text//pos/-1782897280.txt,resources/results/skip/lm-lemma/pos/skip//240-3--781157221.xml,0.871063394683,,found,resources/results/reviewer1/comment1-pos-lm-lemma.csv,0.642411598324,0.615875139845,0.622749591213,/run/media/wolf/KIOXIA/SentencePartitioning/resources/results/skip/lm-lemma/pos/skip/240-3--781157221.xml,result_file
v22,pos,lm-lemma,3,3,3,3,7,100,0.3,0.7,inverse_parts,resources/text//pos/-1450759249.txt,resources/results/skip/lm-lemma/pos/skip//240-3--101231047.xml,0.872801635992,,found,resources/results/reviewer1/comment1-pos-lm-lemma.csv,0.712798118264,0.619061961146,0.631395523924,/run/media/wolf/KIOXIA/SentencePartitioning/resources/results/skip/lm-lemma/pos/skip/240-3--101231047.xml,result_file
v23,pos,lm-lemma,3,3,3,3,7,100,0.3,0.7,inverse_sqrt_parts,resources/text//pos/1986555144.txt,resources/results/skip/lm-lemma/pos/skip//240-3--424320597.xml,0.874437627812,,found,resources/results/reviewer1/comment1-pos-lm-lemma.csv,0.654361722661,0.621564977679,0.630219428366,/run/media/wolf/KIOXIA/SentencePartitioning/resources/results/skip/lm-lemma/pos/skip/240-3--424320597.xml,result_file
v24,pos,lm-lemma,3,3,3,3,7,100,0.3,0.7,inverse_log_parts,resources/text//pos/1659824978.txt,resources/results/skip/lm-lemma/pos/skip//240-3-1294086591.xml,0.87172801636,,found,resources/results/reviewer1/comment1-pos-lm-lemma.csv,0.647952973415,0.616957125338,0.623449717906,/run/media/wolf/KIOXIA/SentencePartitioning/resources/results/skip/lm-lemma/pos/skip/240-3-1294086591.xml,result_file
v25,pos,lm-lemma,3,3,3,3,7,100,0.5,0.5,none,resources/text//pos/-1189403264.txt,resources/results/skip/lm-lemma/pos/skip//240-3--533693285.xml,0.872085889571,,found,resources/results/reviewer1/comment1-pos-lm-lemma.csv,0.656375646527,0.608759264705,0.621703352085,/run/media/wolf/KIOXIA/SentencePartitioning/resources/results/skip/lm-lemma/pos/skip/240-3--533693285.xml,result_file
v26,pos,lm-lemma,3,3,3,3,7,100,0.5,0.5,inverse_parts,resources/text//pos/-857265233.txt,resources/results/skip/lm-lemma/pos/skip//240-3-146232889.xml,0.873619631902,,found,resources/results/reviewer1/comment1-pos-lm-lemma.csv,0.658117991637,0.61978344652,0.630274540679,/run/media/wolf/KIOXIA/SentencePartitioning/resources/results/skip/lm-lemma/pos/skip/240-3-146232889.xml,result_file
v27,pos,lm-lemma,3,3,3,3,7,100,0.5,0.5,inverse_sqrt_parts,resources/text//pos/-1714918136.txt,resources/results/skip/lm-lemma/pos/skip//240-3--176856661.xml,0.872188139059,,found,resources/results/reviewer1/comment1-pos-lm-lemma.csv,0.653370975908,0.611842203898,0.623565057377,/run/media/wolf/KIOXIA/SentencePartitioning/resources/results/skip/lm-lemma/pos/skip/240-3--176856661.xml,result_file
v28,pos,lm-lemma,3,3,3,3,7,100,0.5,0.5,inverse_log_parts,resources/text//pos/-2041648302.txt,resources/results/skip/lm-lemma/pos/skip//240-3-1541550527.xml,0.871932515337,,found,resources/results/reviewer1/comment1-pos-lm-lemma.csv,0.702933937819,0.620418028279,0.629393979201,/run/media/wolf/KIOXIA/SentencePartitioning/resources/results/skip/lm-lemma/pos/skip/240-3-1541550527.xml,result_file
v1,pos,lm-rank,2,2,1,2,7,100,0.15,0.85,none,resources/text//pos/249431159.txt,resources/results/skip/lm-rank/pos/skip//240-2--1826068211.xml,0.869836400818,,completed,resources/results/reviewer1/comment1-pos-lm-rank.csv,0.648951743927,0.617555506116,0.625917297739,/run/media/wolf/KIOXIA/SentencePartitioning/resources/results/skip/lm-rank/pos/skip/240-2--1826068211.xml,result_file
v2,pos,lm-rank,2,2,3,2,7,100,0.15,0.85,none,resources/text//pos/249431845.txt,resources/results/skip/lm-rank/pos/skip//240-2-2128585961.xml,0.852096114519,,completed,resources/results/reviewer1/comment1-pos-lm-rank.csv,0.623458512123,0.542762578213,0.558885953104,/run/media/wolf/KIOXIA/SentencePartitioning/resources/results/skip/lm-rank/pos/skip/240-2-2128585961.xml,result_file
v3,pos,lm-rank,2,2,5,2,7,100,0.15,0.85,none,resources/text//pos/249432531.txt,resources/results/skip/lm-rank/pos/skip//240-2-1788272837.xml,0.854345603272,,completed,resources/results/reviewer1/comment1-pos-lm-rank.csv,0.63163523542,0.563256101985,0.580311941796,/run/media/wolf/KIOXIA/SentencePartitioning/resources/results/skip/lm-rank/pos/skip/240-2-1788272837.xml,result_file
v4,pos,lm-rank,3,3,1,3,7,100,0.15,0.85,none,resources/text//pos/249433616.txt,resources/results/skip/lm-rank/pos/skip//240-3--546851585.xml,0.869120654397,,completed,resources/results/reviewer1/comment1-pos-lm-rank.csv,0.653373755152,0.606581805673,0.620503946055,/run/media/wolf/KIOXIA/SentencePartitioning/resources/results/skip/lm-rank/pos/skip/240-3--546851585.xml,result_file
v5,pos,lm-rank,3,3,3,3,7,100,0.15,0.85,none,resources/text//pos/249434302.txt,resources/results/skip/lm-rank/pos/skip//240-3--887164709.xml,0.854959100204,,completed,resources/results/reviewer1/comment1-pos-lm-rank.csv,0.624268212007,0.559356816609,0.576451657846,/run/media/wolf/KIOXIA/SentencePartitioning/resources/results/skip/lm-rank/pos/skip/240-3--887164709.xml,result_file
v6,pos,lm-rank,3,3,5,3,7,100,0.15,0.85,none,resources/text//pos/249434988.txt,resources/results/skip/lm-rank/pos/skip//240-3--1227477833.xml,0.854243353783,,completed,resources/results/reviewer1/comment1-pos-lm-rank.csv,0.626029777003,0.544507540342,0.563856108797,/run/media/wolf/KIOXIA/SentencePartitioning/resources/results/skip/lm-rank/pos/skip/240-3--1227477833.xml,result_file
v7,pos,lm-rank,4,4,1,4,7,100,0.15,0.85,none,resources/text//pos/249436073.txt,resources/results/skip/lm-rank/pos/skip//240-4-732365041.xml,0.86717791411,,completed,resources/results/reviewer1/comment1-pos-lm-rank.csv,0.6522102965,0.592656237722,0.610426200989,/run/media/wolf/KIOXIA/SentencePartitioning/resources/results/skip/lm-rank/pos/skip/240-4-732365041.xml,result_file
v8,pos,lm-rank,4,4,3,4,7,100,0.15,0.85,none,resources/text//pos/249436759.txt,resources/results/skip/lm-rank/pos/skip//240-4-392051917.xml,0.859918200409,,completed,resources/results/reviewer1/comment1-pos-lm-rank.csv,0.644744806964,0.562426536532,0.58628246785,/run/media/wolf/KIOXIA/SentencePartitioning/resources/results/skip/lm-rank/pos/skip/240-4-392051917.xml,result_file
v9,pos,lm-rank,4,4,5,4,7,100,0.15,0.85,none,resources/text//pos/249437445.txt,resources/results/skip/lm-rank/pos/skip//240-4-51738793.xml,0.855010224949,,completed,resources/results/reviewer1/comment1-pos-lm-rank.csv,0.628916927142,0.555017294374,0.572337337413,/run/media/wolf/KIOXIA/SentencePartitioning/resources/results/skip/lm-rank/pos/skip/240-4-51738793.xml,result_file
v10,pos,lm-rank,3,3,3,3,7,100,0.0,1.0,none,resources/text//pos/-437643492.txt,resources/results/skip/lm-rank/pos/skip//240-3-2051807255.xml,0.849130879346,,completed,resources/results/reviewer1/comment1-pos-lm-rank.csv,0.621442102565,0.530377326113,0.549461340394,/run/media/wolf/KIOXIA/SentencePartitioning/resources/results/skip/lm-rank/pos/skip/240-3-2051807255.xml,result_file
v11,pos,lm-rank,3,3,3,3,7,100,0.0,1.0,inverse_parts,resources/text//pos/-105505461.txt,resources/results/skip/lm-rank/pos/skip//240-3--1563233867.xml,0.851380368098,,completed,resources/results/reviewer1/comment1-pos-lm-rank.csv,0.610868454111,0.544497105479,0.555681385536,/run/media/wolf/KIOXIA/SentencePartitioning/resources/results/skip/lm-rank/pos/skip/240-3--1563233867.xml,result_file
v12,pos,lm-rank,3,3,3,3,7,100,0.0,1.0,inverse_sqrt_parts,resources/text//pos/-963158364.txt,resources/results/skip/lm-rank/pos/skip//240-3--1886323417.xml,0.852505112474,,completed,resources/results/reviewer1/comment1-pos-lm-rank.csv,0.613821731048,0.550665129828,0.566907891418,/run/media/wolf/KIOXIA/SentencePartitioning/resources/results/skip/lm-rank/pos/skip/240-3--1886323417.xml,result_file
v13,pos,lm-rank,3,3,3,3,7,100,0.0,1.0,inverse_log_parts,resources/text//pos/-1289888530.txt,resources/results/skip/lm-rank/pos/skip//240-3--167916229.xml,0.846165644172,,completed,resources/results/reviewer1/comment1-pos-lm-rank.csv,0.604894481479,0.522156536969,0.537113461547,/run/media/wolf/KIOXIA/SentencePartitioning/resources/results/skip/lm-rank/pos/skip/240-3--167916229.xml,result_file
v14,pos,lm-rank,3,3,3,3,7,100,0.05,0.95,none,resources/text//pos/-1711814143.txt,resources/results/skip/lm-rank/pos/skip//240-3--496453727.xml,0.856697341513,,completed,resources/results/reviewer1/comment1-pos-lm-rank.csv,0.630340985721,0.557578503203,0.57751722434,/run/media/wolf/KIOXIA/SentencePartitioning/resources/results/skip/lm-rank/pos/skip/240-3--496453727.xml,result_file
v15,pos,lm-rank,3,3,3,3,7,100,0.05,0.95,inverse_parts,resources/text//pos/-1379676112.txt,resources/results/skip/lm-rank/pos/skip//240-3-183472447.xml,0.856288343558,,completed,resources/results/reviewer1/comment1-pos-lm-rank.csv,0.631485240957,0.565635031236,0.585043817592,/run/media/wolf/KIOXIA/SentencePartitioning/resources/results/skip/lm-rank/pos/skip/240-3-183472447.xml,result_file
v16,pos,lm-rank,3,3,3,3,7,100,0.05,0.95,inverse_sqrt_parts,resources/text//pos/2057638281.txt,resources/results/skip/lm-rank/pos/skip//240-3--139617103.xml,0.858333333333,,completed,resources/results/reviewer1/comment1-pos-lm-rank.csv,0.640482103386,0.573289374497,0.591719585683,/run/media/wolf/KIOXIA/SentencePartitioning/resources/results/skip/lm-rank/pos/skip/240-3--139617103.xml,result_file
v17,pos,lm-rank,3,3,3,3,7,100,0.05,0.95,inverse_log_parts,resources/text//pos/1730908115.txt,resources/results/skip/lm-rank/pos/skip//240-3-1578790085.xml,0.860122699387,,completed,resources/results/reviewer1/comment1-pos-lm-rank.csv,0.645271654403,0.571249697093,0.593328278128,/run/media/wolf/KIOXIA/SentencePartitioning/resources/results/skip/lm-rank/pos/skip/240-3-1578790085.xml,result_file
v18,pos,lm-rank,3,3,3,3,7,100,0.15,0.85,inverse_parts,resources/text//pos/-533848757.txt,resources/results/skip/lm-rank/pos/skip//240-3--1715277387.xml,0.855214723926,,completed,resources/results/reviewer1/comment1-pos-lm-rank.csv,0.633491183533,0.550808038217,0.571600883763,/run/media/wolf/KIOXIA/SentencePartitioning/resources/results/skip/lm-rank/pos/skip/240-3--1715277387.xml,result_file
v19,pos,lm-rank,3,3,3,3,7,100,0.15,0.85,inverse_sqrt_parts,resources/text//pos/-1391501660.txt,resources/results/skip/lm-rank/pos/skip//240-3--2038366937.xml,0.859764826176,,completed,resources/results/reviewer1/comment1-pos-lm-rank.csv,0.644410673986,0.570527392838,0.59117293645,/run/media/wolf/KIOXIA/SentencePartitioning/resources/results/skip/lm-rank/pos/skip/240-3--2038366937.xml,result_file
v20,pos,lm-rank,3,3,3,3,7,100,0.15,0.85,inverse_log_parts,resources/text//pos/-1718231826.txt,resources/results/skip/lm-rank/pos/skip//240-3--319959749.xml,0.855010224949,,completed,resources/results/reviewer1/comment1-pos-lm-rank.csv,0.624294121562,0.562725350996,0.578677736953,/run/media/wolf/KIOXIA/SentencePartitioning/resources/results/skip/lm-rank/pos/skip/240-3--319959749.xml,result_file
v21,pos,lm-rank,3,3,3,3,7,100,0.3,0.7,none,resources/text//pos/-140896484.txt,resources/results/skip/lm-rank/pos/skip//240-3-28055575.xml,0.856799591002,,completed,resources/results/reviewer1/comment1-pos-lm-rank.csv,0.638406789739,0.556599610919,0.577856224532,/run/media/wolf/KIOXIA/SentencePartitioning/resources/results/skip/lm-rank/pos/skip/240-3-28055575.xml,result_file
v22,pos,lm-rank,3,3,3,3,7,100,0.3,0.7,inverse_parts,resources/text//pos/191241547.txt,resources/results/skip/lm-rank/pos/skip//240-3-707981749.xml,0.854652351738,,completed,resources/results/reviewer1/comment1-pos-lm-rank.csv,0.627503769277,0.5552479369,0.575048127814,/run/media/wolf/KIOXIA/SentencePartitioning/resources/results/skip/lm-rank/pos/skip/240-3-707981749.xml,result_file
v23,pos,lm-rank,3,3,3,3,7,100,0.3,0.7,inverse_sqrt_parts,resources/text//pos/-666411356.txt,resources/results/skip/lm-rank/pos/skip//240-3-384892199.xml,0.856083844581,,completed,resources/results/reviewer1/comment1-pos-lm-rank.csv,0.64519851493,0.556951471679,0.581603722074,/run/media/wolf/KIOXIA/SentencePartitioning/resources/results/skip/lm-rank/pos/skip/240-3-384892199.xml,result_file
v24,pos,lm-rank,3,3,3,3,7,100,0.3,0.7,inverse_log_parts,resources/text//pos/-993141522.txt,resources/results/skip/lm-rank/pos/skip//240-3-2103299387.xml,0.853016359918,,completed,resources/results/reviewer1/comment1-pos-lm-rank.csv,0.621624291539,0.5543434016,0.572029928566,/run/media/wolf/KIOXIA/SentencePartitioning/resources/results/skip/lm-rank/pos/skip/240-3-2103299387.xml,result_file
v25,pos,lm-rank,3,3,3,3,7,100,0.5,0.5,none,resources/text//pos/452597532.txt,resources/results/skip/lm-rank/pos/skip//240-3-275519511.xml,0.853220858896,,completed,resources/results/reviewer1/comment1-pos-lm-rank.csv,0.63012622296,0.55604145813,0.57682581829,/run/media/wolf/KIOXIA/SentencePartitioning/resources/results/skip/lm-rank/pos/skip/240-3-275519511.xml,result_file
v26,pos,lm-rank,3,3,3,3,7,100,0.5,0.5,inverse_parts,resources/text//pos/784735563.txt,resources/results/skip/lm-rank/pos/skip//240-3-955445685.xml,0.857515337423,,completed,resources/results/reviewer1/comment1-pos-lm-rank.csv,0.648957421881,0.561862318635,0.585847758363,/run/media/wolf/KIOXIA/SentencePartitioning/resources/results/skip/lm-rank/pos/skip/240-3-955445685.xml,result_file
v27,pos,lm-rank,3,3,3,3,7,100,0.5,0.5,inverse_sqrt_parts,resources/text//pos/-72917340.txt,resources/results/skip/lm-rank/pos/skip//240-3-632356135.xml,0.853067484663,,completed,resources/results/reviewer1/comment1-pos-lm-rank.csv,0.62961244001,0.541850287474,0.565806566588,/run/media/wolf/KIOXIA/SentencePartitioning/resources/results/skip/lm-rank/pos/skip/240-3-632356135.xml,result_file
v28,pos,lm-rank,3,3,3,3,7,100,0.5,0.5,inverse_log_parts,resources/text//pos/-399647506.txt,resources/results/skip/lm-rank/pos/skip//240-3--1944203973.xml,0.852556237219,,completed,resources/results/reviewer1/comment1-pos-lm-rank.csv,0.63371884888,0.547376180001,0.570471129418,/run/media/wolf/KIOXIA/SentencePartitioning/resources/results/skip/lm-rank/pos/skip/240-3--1944203973.xml,result_file
v1,pos,lm-skip,2,2,1,2,7,100,0.15,0.85,none,resources/text//pos/249470410.txt,resources/results/skip/lm-skip/pos/skip//240-2-1110150456.xml,0.88445807771,,found,resources/results/reviewer1/comment1-pos-lm-skip.csv,,,0.88445807771,/run/media/wolf/KIOXIA/SentencePartitioning/resources/results/skip/lm-skip/pos/skip/240-2-1110150456.xml,result_file
v2,pos,lm-skip,2,2,3,2,7,100,0.15,0.85,none,resources/text//pos/249471096.txt,resources/results/skip/lm-skip/pos/skip//240-2-769837332.xml,0.848670756646,,found,resources/results/reviewer1/comment1-pos-lm-skip.csv,,,0.848670756646,/run/media/wolf/KIOXIA/SentencePartitioning/resources/results/skip/lm-skip/pos/skip/240-2-769837332.xml,result_file
v3,pos,lm-skip,2,2,5,2,7,100,0.15,0.85,none,resources/text//pos/249471782.txt,resources/results/skip/lm-skip/pos/skip//240-2-429524208.xml,0.843251533742,,found,resources/results/reviewer1/comment1-pos-lm-skip.csv,,,0.843251533742,/run/media/wolf/KIOXIA/SentencePartitioning/resources/results/skip/lm-skip/pos/skip/240-2-429524208.xml,result_file
v4,pos,lm-skip,3,3,1,3,7,100,0.15,0.85,none,resources/text//pos/249472867.txt,resources/results/skip/lm-skip/pos/skip//240-3--1905600214.xml,0.882770961145,,found,resources/results/reviewer1/comment1-pos-lm-skip.csv,,,0.882770961145,/run/media/wolf/KIOXIA/SentencePartitioning/resources/results/skip/lm-skip/pos/skip/240-3--1905600214.xml,result_file
v5,pos,lm-skip,3,3,3,3,7,100,0.15,0.85,none,resources/text//pos/249473553.txt,resources/results/skip/lm-skip/pos/skip//240-3-2049053958.xml,0.852505112474,,found,resources/results/reviewer1/comment1-pos-lm-skip.csv,,,0.852505112474,/run/media/wolf/KIOXIA/SentencePartitioning/resources/results/skip/lm-skip/pos/skip/240-3-2049053958.xml,result_file
v6,pos,lm-skip,3,3,5,3,7,100,0.15,0.85,none,resources/text//pos/249474239.txt,resources/results/skip/lm-skip/pos/skip//240-3-1708740834.xml,0.841513292434,,found,resources/results/reviewer1/comment1-pos-lm-skip.csv,,,0.841513292434,/run/media/wolf/KIOXIA/SentencePartitioning/resources/results/skip/lm-skip/pos/skip/240-3-1708740834.xml,result_file
v7,pos,lm-skip,4,4,1,4,7,100,0.15,0.85,none,resources/text//pos/249475324.txt,resources/results/skip/lm-skip/pos/skip//240-4--626383588.xml,0.882770961145,,found,resources/results/reviewer1/comment1-pos-lm-skip.csv,,,0.882770961145,/run/media/wolf/KIOXIA/SentencePartitioning/resources/results/skip/lm-skip/pos/skip/240-4--626383588.xml,result_file
v8,pos,lm-skip,4,4,3,4,7,100,0.15,0.85,none,resources/text//pos/249476010.txt,resources/results/skip/lm-skip/pos/skip//240-4--966696712.xml,0.851226993865,,found,resources/results/reviewer1/comment1-pos-lm-skip.csv,,,0.851226993865,/run/media/wolf/KIOXIA/SentencePartitioning/resources/results/skip/lm-skip/pos/skip/240-4--966696712.xml,result_file
v9,pos,lm-skip,4,4,5,4,7,100,0.15,0.85,none,resources/text//pos/249476696.txt,resources/results/skip/lm-skip/pos/skip//240-4--1307009836.xml,0.842382413088,,found,resources/results/reviewer1/comment1-pos-lm-skip.csv,,,0.842382413088,/run/media/wolf/KIOXIA/SentencePartitioning/resources/results/skip/lm-skip/pos/skip/240-4--1307009836.xml,result_file
v1,pos,lm-subword,2,2,1,2,7,100,0.15,0.85,none,resources/text//pos/74555517.txt,resources/results/skip/lm-subword/pos/skip//240-2-1107668419.xml,0.859355828221,,found,resources/results/reviewer1/comment1-pos-lm-subword.csv,0.673896903723,0.626473560447,0.634550831954,/run/media/wolf/KIOXIA/SentencePartitioning/resources/results/skip/lm-subword/pos/skip/240-2-1107668419.xml,result_file
v2,pos,lm-subword,2,2,3,2,7,100,0.15,0.85,none,resources/text//pos/74556203.txt,resources/results/skip/lm-subword/pos/skip//240-2-767355295.xml,0.856850715746,,found,resources/results/reviewer1/comment1-pos-lm-subword.csv,0.630817520103,0.563801520288,0.576961100226,/run/media/wolf/KIOXIA/SentencePartitioning/resources/results/skip/lm-subword/pos/skip/240-2-767355295.xml,result_file
v3,pos,lm-subword,2,2,5,2,7,100,0.15,0.85,none,resources/text//pos/74556889.txt,resources/results/skip/lm-subword/pos/skip//240-2-427042171.xml,0.855061349693,,found,resources/results/reviewer1/comment1-pos-lm-subword.csv,0.628373885041,0.557027775486,0.567348943178,/run/media/wolf/KIOXIA/SentencePartitioning/resources/results/skip/lm-subword/pos/skip/240-2-427042171.xml,result_file
v4,pos,lm-subword,3,3,1,3,7,100,0.15,0.85,none,resources/text//pos/74557974.txt,resources/results/skip/lm-subword/pos/skip//240-3--1908082251.xml,0.858384458078,,found,resources/results/reviewer1/comment1-pos-lm-subword.csv,0.665550341187,0.636342079734,0.642949544215,/run/media/wolf/KIOXIA/SentencePartitioning/resources/results/skip/lm-subword/pos/skip/240-3--1908082251.xml,result_file
v5,pos,lm-subword,3,3,3,3,7,100,0.15,0.85,none,resources/text//pos/74558660.txt,resources/results/skip/lm-subword/pos/skip//240-3-2046571921.xml,0.865695296524,,found,resources/results/reviewer1/comment1-pos-lm-subword.csv,0.65448931834,0.583133480129,0.601629936465,/run/media/wolf/KIOXIA/SentencePartitioning/resources/results/skip/lm-subword/pos/skip/240-3-2046571921.xml,result_file
v6,pos,lm-subword,3,3,5,3,7,100,0.15,0.85,none,resources/text//pos/74559346.txt,resources/results/skip/lm-subword/pos/skip//240-3-1706258797.xml,0.853936605317,,found,resources/results/reviewer1/comment1-pos-lm-subword.csv,0.626130009913,0.552390653572,0.561974289568,/run/media/wolf/KIOXIA/SentencePartitioning/resources/results/skip/lm-subword/pos/skip/240-3-1706258797.xml,result_file
v7,pos,lm-subword,4,4,1,4,7,100,0.15,0.85,none,resources/text//pos/74560431.txt,resources/results/skip/lm-subword/pos/skip//240-4--628865625.xml,0.855623721881,,found,resources/results/reviewer1/comment1-pos-lm-subword.csv,0.649879932168,0.6232906226,0.629795639636,/run/media/wolf/KIOXIA/SentencePartitioning/resources/results/skip/lm-subword/pos/skip/240-4--628865625.xml,result_file
v8,pos,lm-subword,4,4,3,4,7,100,0.15,0.85,none,resources/text//pos/74561117.txt,resources/results/skip/lm-subword/pos/skip//240-4--969178749.xml,0.862678936605,,found,resources/results/reviewer1/comment1-pos-lm-subword.csv,0.629689205395,0.591998037571,0.599811409733,/run/media/wolf/KIOXIA/SentencePartitioning/resources/results/skip/lm-subword/pos/skip/240-4--969178749.xml,result_file
v9,pos,lm-subword,4,4,5,4,7,100,0.15,0.85,none,resources/text//pos/74561803.txt,resources/results/skip/lm-subword/pos/skip//240-4--1309491873.xml,0.856390593047,,found,resources/results/reviewer1/comment1-pos-lm-subword.csv,0.637943135052,0.559522308447,0.574424966335,/run/media/wolf/KIOXIA/SentencePartitioning/resources/results/skip/lm-subword/pos/skip/240-4--1309491873.xml,result_file
v10,pos,lm-subword,3,3,3,3,7,100,0.15,0.85,none,resources/text//pos/113265181.txt,resources/results/skip/lm-subword/pos/skip//240-3-1040316675.xml,0.858384458078,,found,resources/results/reviewer1/comment1-pos-lm-subword.csv,0.645459236856,0.562307970064,0.581259919728,/run/media/wolf/KIOXIA/SentencePartitioning/resources/results/skip/lm-subword/pos/skip/240-3-1040316675.xml,result_file
v11,pos,lm-subword,3,3,3,3,7,100,0.15,0.85,none,resources/text//pos/117382896.txt,resources/results/skip/lm-subword/pos/skip//240-3-567739113.xml,0.85736196319,,found,resources/results/reviewer1/comment1-pos-lm-subword.csv,0.628350686335,0.578317516361,0.591098404551,/run/media/wolf/KIOXIA/SentencePartitioning/resources/results/skip/lm-subword/pos/skip/240-3-567739113.xml,result_file
v12,pos,lm-subword,3,3,3,3,7,100,0.15,0.85,none,resources/text//pos/125618326.txt,resources/results/skip/lm-subword/pos/skip//240-3--377416011.xml,0.859560327198,,found,resources/results/reviewer1/comment1-pos-lm-subword.csv,0.623348961672,0.569037562186,0.578881091135,/run/media/wolf/KIOXIA/SentencePartitioning/resources/results/skip/lm-subword/pos/skip/240-3--377416011.xml,result_file
v1,pos,lm-syllable,2,2,1,2,7,100,0.15,0.85,none,resources/text//pos/1312390923.txt,resources/results/skip/lm-syllable/pos/skip//240-2--502145215.xml,0.848721881391,,found,resources/results/reviewer1/comment1-pos-lm-syllable.csv,0.653445750721,0.625997692221,0.633459738006,/run/media/wolf/KIOXIA/SentencePartitioning/resources/results/skip/lm-syllable/pos/skip/240-2--502145215.xml,result_file
v2,pos,lm-syllable,2,2,3,2,7,100,0.15,0.85,none,resources/text//pos/1312391609.txt,resources/results/skip/lm-syllable/pos/skip//240-2--842458339.xml,0.83527607362,,found,resources/results/reviewer1/comment1-pos-lm-syllable.csv,0.630508840466,0.547942072401,0.572479555443,/run/media/wolf/KIOXIA/SentencePartitioning/resources/results/skip/lm-syllable/pos/skip/240-2--842458339.xml,result_file
v3,pos,lm-syllable,2,2,5,2,7,100,0.15,0.85,none,resources/text//pos/1312392295.txt,resources/results/skip/lm-syllable/pos/skip//240-2--1182771463.xml,0.845245398773,,found,resources/results/reviewer1/comment1-pos-lm-syllable.csv,0.637264018748,0.563957228389,0.586891632977,/run/media/wolf/KIOXIA/SentencePartitioning/resources/results/skip/lm-syllable/pos/skip/240-2--1182771463.xml,result_file
v4,pos,lm-syllable,3,3,1,3,7,100,0.15,0.85,none,resources/text//pos/1312393380.txt,resources/results/skip/lm-syllable/pos/skip//240-3-777071411.xml,0.847188139059,,found,resources/results/reviewer1/comment1-pos-lm-syllable.csv,0.658933273547,0.617952551847,0.62937028846,/run/media/wolf/KIOXIA/SentencePartitioning/resources/results/skip/lm-syllable/pos/skip/240-3-777071411.xml,result_file
v5,pos,lm-syllable,3,3,3,3,7,100,0.15,0.85,none,resources/text//pos/1312394066.txt,resources/results/skip/lm-syllable/pos/skip//240-3-436758287.xml,0.833537832311,,found,resources/results/reviewer1/comment1-pos-lm-syllable.csv,0.615921531264,0.548346754563,0.566345761661,/run/media/wolf/KIOXIA/SentencePartitioning/resources/results/skip/lm-syllable/pos/skip/240-3-436758287.xml,result_file
v6,pos,lm-syllable,3,3,5,3,7,100,0.15,0.85,none,resources/text//pos/1312394752.txt,resources/results/skip/lm-syllable/pos/skip//240-3-96445163.xml,0.838496932515,,found,resources/results/reviewer1/comment1-pos-lm-syllable.csv,0.625113470833,0.54439170843,0.568616410635,/run/media/wolf/KIOXIA/SentencePartitioning/resources/results/skip/lm-syllable/pos/skip/240-3-96445163.xml,result_file
v7,pos,lm-syllable,4,4,1,4,7,100,0.15,0.85,none,resources/text//pos/1312395837.txt,resources/results/skip/lm-syllable/pos/skip//240-4-2056288037.xml,0.846472392638,,found,resources/results/reviewer1/comment1-pos-lm-syllable.csv,0.657191328512,0.616637596354,0.627398147069,/run/media/wolf/KIOXIA/SentencePartitioning/resources/results/skip/lm-syllable/pos/skip/240-4-2056288037.xml,result_file
v8,pos,lm-syllable,4,4,3,4,7,100,0.15,0.85,none,resources/text//pos/1312396523.txt,resources/results/skip/lm-syllable/pos/skip//240-4-1715974913.xml,0.839161554192,,found,resources/results/reviewer1/comment1-pos-lm-syllable.csv,0.625725013085,0.561780073887,0.581800533772,/run/media/wolf/KIOXIA/SentencePartitioning/resources/results/skip/lm-syllable/pos/skip/240-4-1715974913.xml,result_file
v9,pos,lm-syllable,4,4,5,4,7,100,0.15,0.85,none,resources/text//pos/1312397209.txt,resources/results/skip/lm-syllable/pos/skip//240-4-1375661789.xml,0.84054192229,,found,resources/results/reviewer1/comment1-pos-lm-syllable.csv,0.627400279552,0.546414342415,0.569290170201,/run/media/wolf/KIOXIA/SentencePartitioning/resources/results/skip/lm-syllable/pos/skip/240-4-1375661789.xml,result_file
v1,sentiment,frequent-ngram,2,2,1,2,7,100,0.15,0.85,none,resources/text//sentiment/175838085.txt,resources/results/skip/frequent-ngram/sentiment/skip//240-2-733130507.xml,0.7444,,found,resources/results/reviewer1/comment1-sentiment-frequent-ngram.csv,0.647623722202,0.598658228629,0.580097110472,/run/media/wolf/KIOXIA/SentencePartitioning/resources/results/skip/frequent-ngram/sentiment/skip/240-2-733130507.xml,result_file
v2,sentiment,frequent-ngram,2,2,3,2,7,100,0.15,0.85,none,resources/text//sentiment/175838771.txt,resources/results/skip/frequent-ngram/sentiment/skip//240-2-392817383.xml,0.7163,,found,resources/results/reviewer1/comment1-sentiment-frequent-ngram.csv,0.651834099505,0.580987470654,0.553256377102,/run/media/wolf/KIOXIA/SentencePartitioning/resources/results/skip/frequent-ngram/sentiment/skip/240-2-392817383.xml,result_file
v3,sentiment,frequent-ngram,2,2,5,2,7,100,0.15,0.85,none,resources/text//sentiment/175839457.txt,resources/results/skip/frequent-ngram/sentiment/skip//240-2-52504259.xml,0.7474,,found,resources/results/reviewer1/comment1-sentiment-frequent-ngram.csv,0.647781095479,0.602377497847,0.585580306176,/run/media/wolf/KIOXIA/SentencePartitioning/resources/results/skip/frequent-ngram/sentiment/skip/240-2-52504259.xml,result_file
v4,sentiment,frequent-ngram,3,3,1,3,7,100,0.15,0.85,none,resources/text//sentiment/175840542.txt,resources/results/skip/frequent-ngram/sentiment/skip//240-3-2012347133.xml,0.722,,found,resources/results/reviewer1/comment1-sentiment-frequent-ngram.csv,0.650432578638,0.585370205456,0.56236040483,/run/media/wolf/KIOXIA/SentencePartitioning/resources/results/skip/frequent-ngram/sentiment/skip/240-3-2012347133.xml,result_file
v5,sentiment,frequent-ngram,3,3,3,3,7,100,0.15,0.85,none,resources/text//sentiment/175841228.txt,resources/results/skip/frequent-ngram/sentiment/skip//240-3-1672034009.xml,0.7223,,found,resources/results/reviewer1/comment1-sentiment-frequent-ngram.csv,0.643083426289,0.58539221254,0.561975713819,/run/media/wolf/KIOXIA/SentencePartitioning/resources/results/skip/frequent-ngram/sentiment/skip/240-3-1672034009.xml,result_file
v6,sentiment,frequent-ngram,3,3,5,3,7,100,0.15,0.85,none,resources/text//sentiment/175841914.txt,resources/results/skip/frequent-ngram/sentiment/skip//240-3-1331720885.xml,0.726,,found,resources/results/reviewer1/comment1-sentiment-frequent-ngram.csv,0.655772618025,0.583598836756,0.556610683576,/run/media/wolf/KIOXIA/SentencePartitioning/resources/results/skip/frequent-ngram/sentiment/skip/240-3-1331720885.xml,result_file
v7,sentiment,frequent-ngram,4,4,1,4,7,100,0.15,0.85,none,resources/text//sentiment/175842999.txt,resources/results/skip/frequent-ngram/sentiment/skip//240-4--1003403537.xml,0.7101,,found,resources/results/reviewer1/comment1-sentiment-frequent-ngram.csv,0.644847601396,0.57861616875,0.551513386684,/run/media/wolf/KIOXIA/SentencePartitioning/resources/results/skip/frequent-ngram/sentiment/skip/240-4--1003403537.xml,result_file
v8,sentiment,frequent-ngram,4,4,3,4,7,100,0.15,0.85,none,resources/text//sentiment/175843685.txt,resources/results/skip/frequent-ngram/sentiment/skip//240-4--1343716661.xml,0.7382,,found,resources/results/reviewer1/comment1-sentiment-frequent-ngram.csv,0.64462254849,0.587802659706,0.574342767092,/run/media/wolf/KIOXIA/SentencePartitioning/resources/results/skip/frequent-ngram/sentiment/skip/240-4--1343716661.xml,result_file
v9,sentiment,frequent-ngram,4,4,5,4,7,100,0.15,0.85,none,resources/text//sentiment/175844371.txt,resources/results/skip/frequent-ngram/sentiment/skip//240-4--1684029785.xml,0.7301,,found,resources/results/reviewer1/comment1-sentiment-frequent-ngram.csv,0.642813972075,0.580432120194,0.567692387441,/run/media/wolf/KIOXIA/SentencePartitioning/resources/results/skip/frequent-ngram/sentiment/skip/240-4--1684029785.xml,result_file
v1,sentiment,lm-lemma,2,2,1,2,7,100,0.15,0.85,none,resources/text//sentiment/-1392569637.txt,resources/results/skip/lm-lemma/sentiment/skip//240-2-1659686289.xml,0.8161,,found,resources/results/reviewer1/comment1-sentiment-lm-lemma.csv,0.700751876044,0.647745811088,0.637385306517,/run/media/wolf/KIOXIA/SentencePartitioning/resources/results/skip/lm-lemma/sentiment/skip/240-2-1659686289.xml,result_file
v2,sentiment,lm-lemma,2,2,3,2,7,100,0.15,0.85,none,resources/text//sentiment/-1392568951.txt,resources/results/skip/lm-lemma/sentiment/skip//240-2-1319373165.xml,0.8144,,found,resources/results/reviewer1/comment1-sentiment-lm-lemma.csv,0.714927042575,0.639450137693,0.625718199097,/run/media/wolf/KIOXIA/SentencePartitioning/resources/results/skip/lm-lemma/sentiment/skip/240-2-1319373165.xml,result_file
v3,sentiment,lm-lemma,2,2,5,2,7,100,0.15,0.85,none,resources/text//sentiment/-1392568265.txt,resources/results/skip/lm-lemma/sentiment/skip//240-2-979060041.xml,0.7807,,found,resources/results/reviewer1/comment1-sentiment-lm-lemma.csv,0.684350962802,0.624905562619,0.606431380369,/run/media/wolf/KIOXIA/SentencePartitioning/resources/results/skip/lm-lemma/sentiment/skip/240-2-979060041.xml,result_file
v4,sentiment,lm-lemma,3,3,1,3,7,100,0.15,0.85,none,resources/text//sentiment/-1392567180.txt,resources/results/skip/lm-lemma/sentiment/skip//240-3--1356064381.xml,0.8122,,found,resources/results/reviewer1/comment1-sentiment-lm-lemma.csv,0.699595621118,0.641706426386,0.628651520827,/run/media/wolf/KIOXIA/SentencePartitioning/resources/results/skip/lm-lemma/sentiment/skip/240-3--1356064381.xml,result_file
v5,sentiment,lm-lemma,3,3,3,3,7,100,0.15,0.85,none,resources/text//sentiment/-1392566494.txt,resources/results/skip/lm-lemma/sentiment/skip//240-3--1696377505.xml,0.8121,,found,resources/results/reviewer1/comment1-sentiment-lm-lemma.csv,0.707216396548,0.643633264693,0.633383929625,/run/media/wolf/KIOXIA/SentencePartitioning/resources/results/skip/lm-lemma/sentiment/skip/240-3--1696377505.xml,result_file
v6,sentiment,lm-lemma,3,3,5,3,7,100,0.15,0.85,none,resources/text//sentiment/-1392565808.txt,resources/results/skip/lm-lemma/sentiment/skip//240-3--2036690629.xml,0.7942,,found,resources/results/reviewer1/comment1-sentiment-lm-lemma.csv,0.678690849378,0.634372083216,0.62019261333,/run/media/wolf/KIOXIA/SentencePartitioning/resources/results/skip/lm-lemma/sentiment/skip/240-3--2036690629.xml,result_file
v7,sentiment,lm-lemma,4,4,1,4,7,100,0.15,0.85,none,resources/text//sentiment/-1392564723.txt,resources/results/skip/lm-lemma/sentiment/skip//240-4--76847755.xml,0.8171,,found,resources/results/reviewer1/comment1-sentiment-lm-lemma.csv,0.702286667528,0.644851286001,0.633145275317,/run/media/wolf/KIOXIA/SentencePartitioning/resources/results/skip/lm-lemma/sentiment/skip/240-4--76847755.xml,result_file
v8,sentiment,lm-lemma,4,4,3,4,7,100,0.15,0.85,none,resources/text//sentiment/-1392564037.txt,resources/results/skip/lm-lemma/sentiment/skip//240-4--417160879.xml,0.8165,,found,resources/results/reviewer1/comment1-sentiment-lm-lemma.csv,0.725383969111,0.634221044358,0.617644425991,/run/media/wolf/KIOXIA/SentencePartitioning/resources/results/skip/lm-lemma/sentiment/skip/240-4--417160879.xml,result_file
v9,sentiment,lm-lemma,4,4,5,4,7,100,0.15,0.85,none,resources/text//sentiment/-1392563351.txt,resources/results/skip/lm-lemma/sentiment/skip//240-4--757474003.xml,0.7987,,found,resources/results/reviewer1/comment1-sentiment-lm-lemma.csv,0.707283867043,0.634317767765,0.615423425365,/run/media/wolf/KIOXIA/SentencePartitioning/resources/results/skip/lm-lemma/sentiment/skip/240-4--757474003.xml,result_file
v10,sentiment,lm-lemma,3,3,3,3,7,100,0.0,1.0,none,resources/text//sentiment/-2079644288.txt,resources/results/skip/lm-lemma/sentiment/skip//240-3-1242594459.xml,0.8082,,found,resources/results/reviewer1/comment1-sentiment-lm-lemma.csv,0.711274591329,0.642867705229,0.629874795504,/run/media/wolf/KIOXIA/SentencePartitioning/resources/results/skip/lm-lemma/sentiment/skip/240-3-1242594459.xml,result_file
v11,sentiment,lm-lemma,3,3,3,3,7,100,0.0,1.0,inverse_parts,resources/text//sentiment/-1747506257.txt,resources/results/skip/lm-lemma/sentiment/skip//240-3-1922520633.xml,0.8128,,found,resources/results/reviewer1/comment1-sentiment-lm-lemma.csv,0.693585455317,0.647218183221,0.635650582801,/run/media/wolf/KIOXIA/SentencePartitioning/resources/results/skip/lm-lemma/sentiment/skip/240-3-1922520633.xml,result_file
v12,sentiment,lm-lemma,3,3,3,3,7,100,0.0,1.0,inverse_sqrt_parts,resources/text//sentiment/1689808136.txt,resources/results/skip/lm-lemma/sentiment/skip//240-3-1599431083.xml,0.8177,,found,resources/results/reviewer1/comment1-sentiment-lm-lemma.csv,0.697311078322,0.654306751213,0.646935347752,/run/media/wolf/KIOXIA/SentencePartitioning/resources/results/skip/lm-lemma/sentiment/skip/240-3-1599431083.xml,result_file
v13,sentiment,lm-lemma,3,3,3,3,7,100,0.0,1.0,inverse_log_parts,resources/text//sentiment/1363077970.txt,resources/results/skip/lm-lemma/sentiment/skip//240-3--977129025.xml,0.816,,found,resources/results/reviewer1/comment1-sentiment-lm-lemma.csv,0.715595264244,0.639206598494,0.622813492628,/run/media/wolf/KIOXIA/SentencePartitioning/resources/results/skip/lm-lemma/sentiment/skip/240-3--977129025.xml,result_file
v14,sentiment,lm-lemma,3,3,3,3,7,100,0.05,0.95,none,resources/text//sentiment/941152357.txt,resources/results/skip/lm-lemma/sentiment/skip//240-3--1305666523.xml,0.7954,,found,resources/results/reviewer1/comment1-sentiment-lm-lemma.csv,0.696154836442,0.63098563112,0.611386018133,/run/media/wolf/KIOXIA/SentencePartitioning/resources/results/skip/lm-lemma/sentiment/skip/240-3--1305666523.xml,result_file
v15,sentiment,lm-lemma,3,3,3,3,7,100,0.05,0.95,inverse_parts,resources/text//sentiment/1273290388.txt,resources/results/skip/lm-lemma/sentiment/skip//240-3--625740349.xml,0.8147,,found,resources/results/reviewer1/comment1-sentiment-lm-lemma.csv,0.71179429458,0.642382558098,0.626651362746,/run/media/wolf/KIOXIA/SentencePartitioning/resources/results/skip/lm-lemma/sentiment/skip/240-3--625740349.xml,result_file
v16,sentiment,lm-lemma,3,3,3,3,7,100,0.05,0.95,inverse_sqrt_parts,resources/text//sentiment/415637485.txt,resources/results/skip/lm-lemma/sentiment/skip//240-3--948829899.xml,0.8111,,found,resources/results/reviewer1/comment1-sentiment-lm-lemma.csv,0.713204416802,0.638848355996,0.625406491221,/run/media/wolf/KIOXIA/SentencePartitioning/resources/results/skip/lm-lemma/sentiment/skip/240-3--948829899.xml,result_file
v17,sentiment,lm-lemma,3,3,3,3,7,100,0.05,0.95,inverse_log_parts,resources/text//sentiment/88907319.txt,resources/results/skip/lm-lemma/sentiment/skip//240-3-769577289.xml,0.8102,,found,resources/results/reviewer1/comment1-sentiment-lm-lemma.csv,0.691311217657,0.643731413579,0.634552518197,/run/media/wolf/KIOXIA/SentencePartitioning/resources/results/skip/lm-lemma/sentiment/skip/240-3-769577289.xml,result_file
v18,sentiment,lm-lemma,3,3,3,3,7,100,0.15,0.85,inverse_parts,resources/text//sentiment/2119117743.txt,resources/results/skip/lm-lemma/sentiment/skip//240-3-1770477113.xml,0.8151,,found,resources/results/reviewer1/comment1-sentiment-lm-lemma.csv,0.706216034275,0.642759952192,0.62695831233,/run/media/wolf/KIOXIA/SentencePartitioning/resources/results/skip/lm-lemma/sentiment/skip/240-3-1770477113.xml,result_file
v19,sentiment,lm-lemma,3,3,3,3,7,100,0.15,0.85,inverse_sqrt_parts,resources/text//sentiment/1261464840.txt,resources/results/skip/lm-lemma/sentiment/skip//240-3-1447387563.xml,0.8244,,found,resources/results/reviewer1/comment1-sentiment-lm-lemma.csv,0.726265689882,0.643836626453,0.633719918882,/run/media/wolf/KIOXIA/SentencePartitioning/resources/results/skip/lm-lemma/sentiment/skip/240-3-1447387563.xml,result_file
v20,sentiment,lm-lemma,3,3,3,3,7,100,0.15,0.85,inverse_log_parts,resources/text//sentiment/934734674.txt,resources/results/skip/lm-lemma/sentiment/skip//240-3--1129172545.xml,0.7965,,found,resources/results/reviewer1/comment1-sentiment-lm-lemma.csv,0.680963983963,0.633663436648,0.620895203222,/run/media/wolf/KIOXIA/SentencePartitioning/resources/results/skip/lm-lemma/sentiment/skip/240-3--1129172545.xml,result_file
v21,sentiment,lm-lemma,3,3,3,3,7,100,0.3,0.7,none,resources/text//sentiment/-1782897280.txt,resources/results/skip/lm-lemma/sentiment/skip//240-3--781157221.xml,0.8225,,completed,resources/results/reviewer1/comment1-sentiment-lm-lemma.csv,0.723358779587,0.647593140263,0.635190656986,/run/media/wolf/KIOXIA/SentencePartitioning/resources/results/skip/lm-lemma/sentiment/skip/240-3--781157221.xml,result_file
v22,sentiment,lm-lemma,3,3,3,3,7,100,0.3,0.7,inverse_parts,resources/text//sentiment/-1450759249.txt,resources/results/skip/lm-lemma/sentiment/skip//240-3--101231047.xml,0.8126,,completed,resources/results/reviewer1/comment1-sentiment-lm-lemma.csv,0.714578366315,0.641840467165,0.627702420218,/run/media/wolf/KIOXIA/SentencePartitioning/resources/results/skip/lm-lemma/sentiment/skip/240-3--101231047.xml,result_file
v23,sentiment,lm-lemma,3,3,3,3,7,100,0.3,0.7,inverse_sqrt_parts,resources/text//sentiment/1986555144.txt,resources/results/skip/lm-lemma/sentiment/skip//240-3--424320597.xml,0.815,,completed,resources/results/reviewer1/comment1-sentiment-lm-lemma.csv,0.714379343841,0.642563318754,0.626573965891,/run/media/wolf/KIOXIA/SentencePartitioning/resources/results/skip/lm-lemma/sentiment/skip/240-3--424320597.xml,result_file
v24,sentiment,lm-lemma,3,3,3,3,7,100,0.3,0.7,inverse_log_parts,resources/text//sentiment/1659824978.txt,resources/results/skip/lm-lemma/sentiment/skip//240-3-1294086591.xml,0.7984,,completed,resources/results/reviewer1/comment1-sentiment-lm-lemma.csv,0.682465635277,0.635826621253,0.619633225643,/run/media/wolf/KIOXIA/SentencePartitioning/resources/results/skip/lm-lemma/sentiment/skip/240-3-1294086591.xml,result_file
v25,sentiment,lm-lemma,3,3,3,3,7,100,0.5,0.5,none,resources/text//sentiment/-1189403264.txt,resources/results/skip/lm-lemma/sentiment/skip//240-3--533693285.xml,0.7964,,completed,resources/results/reviewer1/comment1-sentiment-lm-lemma.csv,0.68895640412,0.631731372809,0.615608303412,/run/media/wolf/KIOXIA/SentencePartitioning/resources/results/skip/lm-lemma/sentiment/skip/240-3--533693285.xml,result_file
v26,sentiment,lm-lemma,3,3,3,3,7,100,0.5,0.5,inverse_parts,resources/text//sentiment/-857265233.txt,resources/results/skip/lm-lemma/sentiment/skip//240-3-146232889.xml,0.8126,,completed,resources/results/reviewer1/comment1-sentiment-lm-lemma.csv,0.695305757539,0.64685304743,0.636216511928,/run/media/wolf/KIOXIA/SentencePartitioning/resources/results/skip/lm-lemma/sentiment/skip/240-3-146232889.xml,result_file
v27,sentiment,lm-lemma,3,3,3,3,7,100,0.5,0.5,inverse_sqrt_parts,resources/text//sentiment/-1714918136.txt,resources/results/skip/lm-lemma/sentiment/skip//240-3--176856661.xml,0.8132,,completed,resources/results/reviewer1/comment1-sentiment-lm-lemma.csv,0.697589622849,0.649200591717,0.638457789749,/run/media/wolf/KIOXIA/SentencePartitioning/resources/results/skip/lm-lemma/sentiment/skip/240-3--176856661.xml,result_file
v28,sentiment,lm-lemma,3,3,3,3,7,100,0.5,0.5,inverse_log_parts,resources/text//sentiment/-2041648302.txt,resources/results/skip/lm-lemma/sentiment/skip//240-3-1541550527.xml,0.8025,,completed,resources/results/reviewer1/comment1-sentiment-lm-lemma.csv,0.685485042489,0.639190312426,0.624693089943,/run/media/wolf/KIOXIA/SentencePartitioning/resources/results/skip/lm-lemma/sentiment/skip/240-3-1541550527.xml,result_file
v1,sentiment,lm-rank,2,2,1,2,7,100,0.15,0.85,none,resources/text//sentiment/249431159.txt,resources/results/skip/lm-rank/sentiment/skip//240-2--1826068211.xml,0.8157,,completed,resources/results/reviewer1/comment1-sentiment-lm-rank.csv,0.724122572278,0.631335751654,0.610352061187,/run/media/wolf/KIOXIA/SentencePartitioning/resources/results/skip/lm-rank/sentiment/skip/240-2--1826068211.xml,result_file
v2,sentiment,lm-rank,2,2,3,2,7,100,0.15,0.85,none,resources/text//sentiment/249431845.txt,resources/results/skip/lm-rank/sentiment/skip//240-2-2128585961.xml,0.7763,,completed,resources/results/reviewer1/comment1-sentiment-lm-rank.csv,0.67059189519,0.615204885344,0.603944106895,/run/media/wolf/KIOXIA/SentencePartitioning/resources/results/skip/lm-rank/sentiment/skip/240-2-2128585961.xml,result_file
v3,sentiment,lm-rank,2,2,5,2,7,100,0.15,0.85,none,resources/text//sentiment/249432531.txt,resources/results/skip/lm-rank/sentiment/skip//240-2-1788272837.xml,0.7991,,completed,resources/results/reviewer1/comment1-sentiment-lm-rank.csv,0.712249830786,0.623512290606,0.607960084047,/run/media/wolf/KIOXIA/SentencePartitioning/resources/results/skip/lm-rank/sentiment/skip/240-2-1788272837.xml,result_file
v4,sentiment,lm-rank,3,3,1,3,7,100,0.15,0.85,none,resources/text//sentiment/249433616.txt,resources/results/skip/lm-rank/sentiment/skip//240-3--546851585.xml,0.8095,,completed,resources/results/reviewer1/comment1-sentiment-lm-rank.csv,0.722669353505,0.628470503863,0.609934708699,/run/media/wolf/KIOXIA/SentencePartitioning/resources/results/skip/lm-rank/sentiment/skip/240-3--546851585.xml,result_file
v5,sentiment,lm-rank,3,3,3,3,7,100,0.15,0.85,none,resources/text//sentiment/249434302.txt,resources/results/skip/lm-rank/sentiment/skip//240-3--887164709.xml,0.7619,,completed,resources/results/reviewer1/comment1-sentiment-lm-rank.csv,0.656715881729,0.611644890937,0.59276397302,/run/media/wolf/KIOXIA/SentencePartitioning/resources/results/skip/lm-rank/sentiment/skip/240-3--887164709.xml,result_file
v6,sentiment,lm-rank,3,3,5,3,7,100,0.15,0.85,none,resources/text//sentiment/249434988.txt,resources/results/skip/lm-rank/sentiment/skip//240-3--1227477833.xml,0.7796,,found,resources/results/reviewer1/comment1-sentiment-lm-rank.csv,0.684525355332,0.618396366565,0.599763401716,/run/media/wolf/KIOXIA/SentencePartitioning/resources/results/skip/lm-rank/sentiment/skip/240-3--1227477833.xml,result_file
v7,sentiment,lm-rank,4,4,1,4,7,100,0.15,0.85,none,resources/text//sentiment/249436073.txt,resources/results/skip/lm-rank/sentiment/skip//240-4-732365041.xml,0.8093,,found,resources/results/reviewer1/comment1-sentiment-lm-rank.csv,0.710364632988,0.63886100152,0.625708420321,/run/media/wolf/KIOXIA/SentencePartitioning/resources/results/skip/lm-rank/sentiment/skip/240-4-732365041.xml,result_file
v8,sentiment,lm-rank,4,4,3,4,7,100,0.15,0.85,none,resources/text//sentiment/249436759.txt,resources/results/skip/lm-rank/sentiment/skip//240-4-392051917.xml,0.7915,,found,resources/results/reviewer1/comment1-sentiment-lm-rank.csv,0.684396654542,0.627048206873,0.614065843382,/run/media/wolf/KIOXIA/SentencePartitioning/resources/results/skip/lm-rank/sentiment/skip/240-4-392051917.xml,result_file
v9,sentiment,lm-rank,4,4,5,4,7,100,0.15,0.85,none,resources/text//sentiment/249437445.txt,resources/results/skip/lm-rank/sentiment/skip//240-4-51738793.xml,0.7992,,found,resources/results/reviewer1/comment1-sentiment-lm-rank.csv,0.695768212663,0.628774559824,0.615280429532,/run/media/wolf/KIOXIA/SentencePartitioning/resources/results/skip/lm-rank/sentiment/skip/240-4-51738793.xml,result_file
v10,sentiment,lm-rank,3,3,3,3,7,100,0.0,1.0,none,resources/text//sentiment/-437643492.txt,resources/results/skip/lm-rank/sentiment/skip//240-3-2051807255.xml,0.7841,,found,resources/results/reviewer1/comment1-sentiment-lm-rank.csv,0.674644336646,0.625827360981,0.608788307947,/run/media/wolf/KIOXIA/SentencePartitioning/resources/results/skip/lm-rank/sentiment/skip/240-3-2051807255.xml,result_file
v11,sentiment,lm-rank,3,3,3,3,7,100,0.0,1.0,inverse_parts,resources/text//sentiment/-105505461.txt,resources/results/skip/lm-rank/sentiment/skip//240-3--1563233867.xml,0.7856,,found,resources/results/reviewer1/comment1-sentiment-lm-rank.csv,0.690033509526,0.621312650993,0.603412065133,/run/media/wolf/KIOXIA/SentencePartitioning/resources/results/skip/lm-rank/sentiment/skip/240-3--1563233867.xml,result_file
v12,sentiment,lm-rank,3,3,3,3,7,100,0.0,1.0,inverse_sqrt_parts,resources/text//sentiment/-963158364.txt,resources/results/skip/lm-rank/sentiment/skip//240-3--1886323417.xml,0.8058,,found,resources/results/reviewer1/comment1-sentiment-lm-rank.csv,0.711095591741,0.634211414142,0.618265192083,/run/media/wolf/KIOXIA/SentencePartitioning/resources/results/skip/lm-rank/sentiment/skip/240-3--1886323417.xml,result_file
v13,sentiment,lm-rank,3,3,3,3,7,100,0.0,1.0,inverse_log_parts,resources/text//sentiment/-1289888530.txt,resources/results/skip/lm-rank/sentiment/skip//240-3--167916229.xml,0.7985,,found,resources/results/reviewer1/comment1-sentiment-lm-rank.csv,0.700958056854,0.630273168737,0.614529011176,/run/media/wolf/KIOXIA/SentencePartitioning/resources/results/skip/lm-rank/sentiment/skip/240-3--167916229.xml,result_file
v14,sentiment,lm-rank,3,3,3,3,7,100,0.05,0.95,none,resources/text//sentiment/-1711814143.txt,resources/results/skip/lm-rank/sentiment/skip//240-3--496453727.xml,0.8074,,found,resources/results/reviewer1/comment1-sentiment-lm-rank.csv,0.713278388861,0.627695505529,0.612632305372,/run/media/wolf/KIOXIA/SentencePartitioning/resources/results/skip/lm-rank/sentiment/skip/240-3--496453727.xml,result_file
v15,sentiment,lm-rank,3,3,3,3,7,100,0.05,0.95,inverse_parts,resources/text//sentiment/-1379676112.txt,resources/results/skip/lm-rank/sentiment/skip//240-3-183472447.xml,0.7919,,found,resources/results/reviewer1/comment1-sentiment-lm-rank.csv,0.686548963797,0.628095985598,0.612582185545,/run/media/wolf/KIOXIA/SentencePartitioning/resources/results/skip/lm-rank/sentiment/skip/240-3-183472447.xml,result_file
v16,sentiment,lm-rank,3,3,3,3,7,100,0.05,0.95,inverse_sqrt_parts,resources/text//sentiment/2057638281.txt,resources/results/skip/lm-rank/sentiment/skip//240-3--139617103.xml,0.8032,,found,resources/results/reviewer1/comment1-sentiment-lm-rank.csv,0.704746198512,0.62754274678,0.613279519709,/run/media/wolf/KIOXIA/SentencePartitioning/resources/results/skip/lm-rank/sentiment/skip/240-3--139617103.xml,result_file
v17,sentiment,lm-rank,3,3,3,3,7,100,0.05,0.95,inverse_log_parts,resources/text//sentiment/1730908115.txt,resources/results/skip/lm-rank/sentiment/skip//240-3-1578790085.xml,0.8064,,found,resources/results/reviewer1/comment1-sentiment-lm-rank.csv,0.696917991305,0.635613263281,0.625213235156,/run/media/wolf/KIOXIA/SentencePartitioning/resources/results/skip/lm-rank/sentiment/skip/240-3-1578790085.xml,result_file
v18,sentiment,lm-rank,3,3,3,3,7,100,0.15,0.85,inverse_parts,resources/text//sentiment/-533848757.txt,resources/results/skip/lm-rank/sentiment/skip//240-3--1715277387.xml,0.7965,,found,resources/results/reviewer1/comment1-sentiment-lm-rank.csv,0.695735318114,0.628887176927,0.612741733422,/run/media/wolf/KIOXIA/SentencePartitioning/resources/results/skip/lm-rank/sentiment/skip/240-3--1715277387.xml,result_file
v19,sentiment,lm-rank,3,3,3,3,7,100,0.15,0.85,inverse_sqrt_parts,resources/text//sentiment/-1391501660.txt,resources/results/skip/lm-rank/sentiment/skip//240-3--2038366937.xml,0.7959,,found,resources/results/reviewer1/comment1-sentiment-lm-rank.csv,0.686813706092,0.628603016098,0.617744506744,/run/media/wolf/KIOXIA/SentencePartitioning/resources/results/skip/lm-rank/sentiment/skip/240-3--2038366937.xml,result_file
v20,sentiment,lm-rank,3,3,3,3,7,100,0.15,0.85,inverse_log_parts,resources/text//sentiment/-1718231826.txt,resources/results/skip/lm-rank/sentiment/skip//240-3--319959749.xml,0.7922,,found,resources/results/reviewer1/comment1-sentiment-lm-rank.csv,0.680726748159,0.62765217788,0.614957971284,/run/media/wolf/KIOXIA/SentencePartitioning/resources/results/skip/lm-rank/sentiment/skip/240-3--319959749.xml,result_file
v21,sentiment,lm-rank,3,3,3,3,7,100,0.3,0.7,none,resources/text//sentiment/-140896484.txt,resources/results/skip/lm-rank/sentiment/skip//240-3-28055575.xml,0.8011,,found,resources/results/reviewer1/comment1-sentiment-lm-rank.csv,0.711915555791,0.623614394787,0.605059116763,/run/media/wolf/KIOXIA/SentencePartitioning/resources/results/skip/lm-rank/sentiment/skip/240-3-28055575.xml,result_file
v22,sentiment,lm-rank,3,3,3,3,7,100,0.3,0.7,inverse_parts,resources/text//sentiment/191241547.txt,resources/results/skip/lm-rank/sentiment/skip//240-3-707981749.xml,0.7505,,found,resources/results/reviewer1/comment1-sentiment-lm-rank.csv,0.671749214874,0.592380380789,0.577308929268,/run/media/wolf/KIOXIA/SentencePartitioning/resources/results/skip/lm-rank/sentiment/skip/240-3-707981749.xml,result_file
v23,sentiment,lm-rank,3,3,3,3,7,100,0.3,0.7,inverse_sqrt_parts,resources/text//sentiment/-666411356.txt,resources/results/skip/lm-rank/sentiment/skip//240-3-384892199.xml,0.8058,,found,resources/results/reviewer1/comment1-sentiment-lm-rank.csv,0.715584767358,0.628048568901,0.612739052484,/run/media/wolf/KIOXIA/SentencePartitioning/resources/results/skip/lm-rank/sentiment/skip/240-3-384892199.xml,result_file
v24,sentiment,lm-rank,3,3,3,3,7,100,0.3,0.7,inverse_log_parts,resources/text//sentiment/-993141522.txt,resources/results/skip/lm-rank/sentiment/skip//240-3-2103299387.xml,0.8032,,found,resources/results/reviewer1/comment1-sentiment-lm-rank.csv,0.689251350775,0.634855237534,0.626831153398,/run/media/wolf/KIOXIA/SentencePartitioning/resources/results/skip/lm-rank/sentiment/skip/240-3-2103299387.xml,result_file
v25,sentiment,lm-rank,3,3,3,3,7,100,0.5,0.5,none,resources/text//sentiment/452597532.txt,resources/results/skip/lm-rank/sentiment/skip//240-3-275519511.xml,0.7882,,found,resources/results/reviewer1/comment1-sentiment-lm-rank.csv,0.694204530741,0.62417847189,0.605226226708,/run/media/wolf/KIOXIA/SentencePartitioning/resources/results/skip/lm-rank/sentiment/skip/240-3-275519511.xml,result_file
v26,sentiment,lm-rank,3,3,3,3,7,100,0.5,0.5,inverse_parts,resources/text//sentiment/784735563.txt,resources/results/skip/lm-rank/sentiment/skip//240-3-955445685.xml,0.8012,,found,resources/results/reviewer1/comment1-sentiment-lm-rank.csv,0.708313260678,0.621966280137,0.599041836781,/run/media/wolf/KIOXIA/SentencePartitioning/resources/results/skip/lm-rank/sentiment/skip/240-3-955445685.xml,result_file
v27,sentiment,lm-rank,3,3,3,3,7,100,0.5,0.5,inverse_sqrt_parts,resources/text//sentiment/-72917340.txt,resources/results/skip/lm-rank/sentiment/skip//240-3-632356135.xml,0.8023,,found,resources/results/reviewer1/comment1-sentiment-lm-rank.csv,0.69716598165,0.633611233196,0.621682751956,/run/media/wolf/KIOXIA/SentencePartitioning/resources/results/skip/lm-rank/sentiment/skip/240-3-632356135.xml,result_file
v28,sentiment,lm-rank,3,3,3,3,7,100,0.5,0.5,inverse_log_parts,resources/text//sentiment/-399647506.txt,resources/results/skip/lm-rank/sentiment/skip//240-3--1944203973.xml,0.7815,,found,resources/results/reviewer1/comment1-sentiment-lm-rank.csv,0.674157420531,0.622873320713,0.60773035345,/run/media/wolf/KIOXIA/SentencePartitioning/resources/results/skip/lm-rank/sentiment/skip/240-3--1944203973.xml,result_file
v1,sentiment,lm-skip,2,2,1,2,7,100,0.15,0.85,none,resources/text//sentiment/249470410.txt,resources/results/skip/lm-skip/sentiment/skip//240-2-1110150456.xml,0.83,,found,resources/results/reviewer1/comment1-sentiment-lm-skip.csv,0.728403281366,0.663074740642,0.664705983605,/run/media/wolf/KIOXIA/SentencePartitioning/resources/results/skip/lm-skip/sentiment/skip/240-2-1110150456.xml,result_file
v2,sentiment,lm-skip,2,2,3,2,7,100,0.15,0.85,none,resources/text//sentiment/249471096.txt,resources/results/skip/lm-skip/sentiment/skip//240-2-769837332.xml,0.7879,,found,resources/results/reviewer1/comment1-sentiment-lm-skip.csv,0.679185264068,0.625937711464,0.611256633477,/run/media/wolf/KIOXIA/SentencePartitioning/resources/results/skip/lm-skip/sentiment/skip/240-2-769837332.xml,result_file
v3,sentiment,lm-skip,2,2,5,2,7,100,0.15,0.85,none,resources/text//sentiment/249471782.txt,resources/results/skip/lm-skip/sentiment/skip//240-2-429524208.xml,0.7732,,found,resources/results/reviewer1/comment1-sentiment-lm-skip.csv,0.670331495149,0.618443339334,0.600008156197,/run/media/wolf/KIOXIA/SentencePartitioning/resources/results/skip/lm-skip/sentiment/skip/240-2-429524208.xml,result_file
v4,sentiment,lm-skip,3,3,1,3,7,100,0.15,0.85,none,resources/text//sentiment/249472867.txt,resources/results/skip/lm-skip/sentiment/skip//240-3--1905600214.xml,0.8248,,found,resources/results/reviewer1/comment1-sentiment-lm-skip.csv,0.709430068684,0.677464573572,0.678592423233,/run/media/wolf/KIOXIA/SentencePartitioning/resources/results/skip/lm-skip/sentiment/skip/240-3--1905600214.xml,result_file
v5,sentiment,lm-skip,3,3,3,3,7,100,0.15,0.85,none,resources/text//sentiment/249473553.txt,resources/results/skip/lm-skip/sentiment/skip//240-3-2049053958.xml,0.8044,,found,resources/results/reviewer1/comment1-sentiment-lm-skip.csv,0.69471093026,0.632498667352,0.622700533417,/run/media/wolf/KIOXIA/SentencePartitioning/resources/results/skip/lm-skip/sentiment/skip/240-3-2049053958.xml,result_file
v6,sentiment,lm-skip,3,3,5,3,7,100,0.15,0.85,none,resources/text//sentiment/249474239.txt,resources/results/skip/lm-skip/sentiment/skip//240-3-1708740834.xml,0.7966,,found,resources/results/reviewer1/comment1-sentiment-lm-skip.csv,0.684330793983,0.628938915847,0.617792726285,/run/media/wolf/KIOXIA/SentencePartitioning/resources/results/skip/lm-skip/sentiment/skip/240-3-1708740834.xml,result_file
v7,sentiment,lm-skip,4,4,1,4,7,100,0.15,0.85,none,resources/text//sentiment/249475324.txt,resources/results/skip/lm-skip/sentiment/skip//240-4--626383588.xml,0.8324,,found,resources/results/reviewer1/comment1-sentiment-lm-skip.csv,0.739965976241,0.656707562966,0.648282533142,/run/media/wolf/KIOXIA/SentencePartitioning/resources/results/skip/lm-skip/sentiment/skip/240-4--626383588.xml,result_file
v8,sentiment,lm-skip,4,4,3,4,7,100,0.15,0.85,none,resources/text//sentiment/249476010.txt,resources/results/skip/lm-skip/sentiment/skip//240-4--966696712.xml,0.8011,,found,resources/results/reviewer1/comment1-sentiment-lm-skip.csv,0.69505734609,0.630796263053,0.620892942658,/run/media/wolf/KIOXIA/SentencePartitioning/resources/results/skip/lm-skip/sentiment/skip/240-4--966696712.xml,result_file
v9,sentiment,lm-skip,4,4,5,4,7,100,0.15,0.85,none,resources/text//sentiment/249476696.txt,resources/results/skip/lm-skip/sentiment/skip//240-4--1307009836.xml,0.7963,,found,resources/results/reviewer1/comment1-sentiment-lm-skip.csv,0.681570093299,0.630352517193,0.621867725135,/run/media/wolf/KIOXIA/SentencePartitioning/resources/results/skip/lm-skip/sentiment/skip/240-4--1307009836.xml,result_file
v1,sentiment,lm-subword,2,2,1,2,7,100,0.15,0.85,none,resources/text//sentiment/74555517.txt,resources/results/skip/lm-subword/sentiment/skip//240-2-1107668419.xml,0.8275,,found,resources/results/reviewer1/comment1-sentiment-lm-subword.csv,0.715638560653,0.66071302739,0.653931554071,/run/media/wolf/KIOXIA/SentencePartitioning/resources/results/skip/lm-subword/sentiment/skip/240-2-1107668419.xml,result_file
v2,sentiment,lm-subword,2,2,3,2,7,100,0.15,0.85,none,resources/text//sentiment/74556203.txt,resources/results/skip/lm-subword/sentiment/skip//240-2-767355295.xml,0.7931,,found,resources/results/reviewer1/comment1-sentiment-lm-subword.csv,0.681841154316,0.625153011064,0.622010550773,/run/media/wolf/KIOXIA/SentencePartitioning/resources/results/skip/lm-subword/sentiment/skip/240-2-767355295.xml,result_file
v3,sentiment,lm-subword,2,2,5,2,7,100,0.15,0.85,none,resources/text//sentiment/74556889.txt,resources/results/skip/lm-subword/sentiment/skip//240-2-427042171.xml,0.7906,,found,resources/results/reviewer1/comment1-sentiment-lm-subword.csv,0.700539874243,0.621013877271,0.599383333833,/run/media/wolf/KIOXIA/SentencePartitioning/resources/results/skip/lm-subword/sentiment/skip/240-2-427042171.xml,result_file
v4,sentiment,lm-subword,3,3,1,3,7,100,0.15,0.85,none,resources/text//sentiment/74557974.txt,resources/results/skip/lm-subword/sentiment/skip//240-3--1908082251.xml,0.8311,,found,resources/results/reviewer1/comment1-sentiment-lm-subword.csv,0.762248953211,0.671753637674,0.66966549801,/run/media/wolf/KIOXIA/SentencePartitioning/resources/results/skip/lm-subword/sentiment/skip/240-3--1908082251.xml,result_file
v5,sentiment,lm-subword,3,3,3,3,7,100,0.15,0.85,none,resources/text//sentiment/74558660.txt,resources/results/skip/lm-subword/sentiment/skip//240-3-2046571921.xml,0.7915,,found,resources/results/reviewer1/comment1-sentiment-lm-subword.csv,0.693014885876,0.625739807789,0.606105103481,/run/media/wolf/KIOXIA/SentencePartitioning/resources/results/skip/lm-subword/sentiment/skip/240-3-2046571921.xml,result_file
v6,sentiment,lm-subword,3,3,5,3,7,100,0.15,0.85,none,resources/text//sentiment/74559346.txt,resources/results/skip/lm-subword/sentiment/skip//240-3-1706258797.xml,0.7909,,found,resources/results/reviewer1/comment1-sentiment-lm-subword.csv,0.687459298531,0.626881015965,0.609024319516,/run/media/wolf/KIOXIA/SentencePartitioning/resources/results/skip/lm-subword/sentiment/skip/240-3-1706258797.xml,result_file
v7,sentiment,lm-subword,4,4,1,4,7,100,0.15,0.85,none,resources/text//sentiment/74560431.txt,resources/results/skip/lm-subword/sentiment/skip//240-4--628865625.xml,0.8396,,found,resources/results/reviewer1/comment1-sentiment-lm-subword.csv,0.77993392522,0.666079084313,0.661129988307,/run/media/wolf/KIOXIA/SentencePartitioning/resources/results/skip/lm-subword/sentiment/skip/240-4--628865625.xml,result_file
v8,sentiment,lm-subword,4,4,3,4,7,100,0.15,0.85,none,resources/text//sentiment/74561117.txt,resources/results/skip/lm-subword/sentiment/skip//240-4--969178749.xml,0.8011,,found,resources/results/reviewer1/comment1-sentiment-lm-subword.csv,0.692466972069,0.633784449833,0.619041698271,/run/media/wolf/KIOXIA/SentencePartitioning/resources/results/skip/lm-subword/sentiment/skip/240-4--969178749.xml,result_file
v9,sentiment,lm-subword,4,4,5,4,7,100,0.15,0.85,none,resources/text//sentiment/74561803.txt,resources/results/skip/lm-subword/sentiment/skip//240-4--1309491873.xml,0.7828,,found,resources/results/reviewer1/comment1-sentiment-lm-subword.csv,0.671324140408,0.623686885743,0.612282873673,/run/media/wolf/KIOXIA/SentencePartitioning/resources/results/skip/lm-subword/sentiment/skip/240-4--1309491873.xml,result_file
v10,sentiment,lm-subword,3,3,3,3,7,100,0.15,0.85,none,resources/text//sentiment/113265181.txt,resources/results/skip/lm-subword/sentiment/skip//240-3-1040316675.xml,0.812,,found,resources/results/reviewer1/comment1-sentiment-lm-subword.csv,0.712190332663,0.634959603495,0.6260425494,/run/media/wolf/KIOXIA/SentencePartitioning/resources/results/skip/lm-subword/sentiment/skip/240-3-1040316675.xml,result_file
v11,sentiment,lm-subword,3,3,3,3,7,100,0.15,0.85,none,resources/text//sentiment/117382896.txt,resources/results/skip/lm-subword/sentiment/skip//240-3-567739113.xml,0.7966,,found,resources/results/reviewer1/comment1-sentiment-lm-subword.csv,0.695118184857,0.628558320251,0.610326833291,/run/media/wolf/KIOXIA/SentencePartitioning/resources/results/skip/lm-subword/sentiment/skip/240-3-567739113.xml,result_file
v12,sentiment,lm-subword,3,3,3,3,7,100,0.15,0.85,none,resources/text//sentiment/125618326.txt,resources/results/skip/lm-subword/sentiment/skip//240-3--377416011.xml,0.8007,,found,resources/results/reviewer1/comment1-sentiment-lm-subword.csv,0.704042772249,0.62763245833,0.609594475871,/run/media/wolf/KIOXIA/SentencePartitioning/resources/results/skip/lm-subword/sentiment/skip/240-3--377416011.xml,result_file
v1,sentiment,lm-syllable,2,2,1,2,7,100,0.15,0.85,none,resources/text//sentiment/1312390923.txt,resources/results/skip/lm-syllable/sentiment/skip//240-2--502145215.xml,0.8248,,found,resources/results/reviewer1/comment1-sentiment-lm-syllable.csv,0.714966468167,0.663403865664,0.661312291717,/run/media/wolf/KIOXIA/SentencePartitioning/resources/results/skip/lm-syllable/sentiment/skip/240-2--502145215.xml,result_file
v2,sentiment,lm-syllable,2,2,3,2,7,100,0.15,0.85,none,resources/text//sentiment/1312391609.txt,resources/results/skip/lm-syllable/sentiment/skip//240-2--842458339.xml,0.8067,,found,resources/results/reviewer1/comment1-sentiment-lm-syllable.csv,0.702358241299,0.641120491716,0.635141939267,/run/media/wolf/KIOXIA/SentencePartitioning/resources/results/skip/lm-syllable/sentiment/skip/240-2--842458339.xml,result_file
v3,sentiment,lm-syllable,2,2,5,2,7,100,0.15,0.85,none,resources/text//sentiment/1312392295.txt,resources/results/skip/lm-syllable/sentiment/skip//240-2--1182771463.xml,0.781,,found,resources/results/reviewer1/comment1-sentiment-lm-syllable.csv,0.683439194684,0.619773508062,0.604264684799,/run/media/wolf/KIOXIA/SentencePartitioning/resources/results/skip/lm-syllable/sentiment/skip/240-2--1182771463.xml,result_file
v4,sentiment,lm-syllable,3,3,1,3,7,100,0.15,0.85,none,resources/text//sentiment/1312393380.txt,resources/results/skip/lm-syllable/sentiment/skip//240-3-777071411.xml,0.8321,,found,resources/results/reviewer1/comment1-sentiment-lm-syllable.csv,0.735000387471,0.649298498322,0.644223505122,/run/media/wolf/KIOXIA/SentencePartitioning/resources/results/skip/lm-syllable/sentiment/skip/240-3-777071411.xml,result_file
v5,sentiment,lm-syllable,3,3,3,3,7,100,0.15,0.85,none,resources/text//sentiment/1312394066.txt,resources/results/skip/lm-syllable/sentiment/skip//240-3-436758287.xml,0.7999,,found,resources/results/reviewer1/comment1-sentiment-lm-syllable.csv,0.703796570753,0.62952683849,0.613722942285,/run/media/wolf/KIOXIA/SentencePartitioning/resources/results/skip/lm-syllable/sentiment/skip/240-3-436758287.xml,result_file
v6,sentiment,lm-syllable,3,3,5,3,7,100,0.15,0.85,none,resources/text//sentiment/1312394752.txt,resources/results/skip/lm-syllable/sentiment/skip//240-3-96445163.xml,0.7937,,found,resources/results/reviewer1/comment1-sentiment-lm-syllable.csv,0.687040541683,0.626749603582,0.616150653965,/run/media/wolf/KIOXIA/SentencePartitioning/resources/results/skip/lm-syllable/sentiment/skip/240-3-96445163.xml,result_file
v7,sentiment,lm-syllable,4,4,1,4,7,100,0.15,0.85,none,resources/text//sentiment/1312395837.txt,resources/results/skip/lm-syllable/sentiment/skip//240-4-2056288037.xml,0.8361,,found,resources/results/reviewer1/comment1-sentiment-lm-syllable.csv,0.752259679301,0.656606801492,0.656829646377,/run/media/wolf/KIOXIA/SentencePartitioning/resources/results/skip/lm-syllable/sentiment/skip/240-4-2056288037.xml,result_file
v8,sentiment,lm-syllable,4,4,3,4,7,100,0.15,0.85,none,resources/text//sentiment/1312396523.txt,resources/results/skip/lm-syllable/sentiment/skip//240-4-1715974913.xml,0.805,,found,resources/results/reviewer1/comment1-sentiment-lm-syllable.csv,0.707271310891,0.632221761235,0.62006571957,/run/media/wolf/KIOXIA/SentencePartitioning/resources/results/skip/lm-syllable/sentiment/skip/240-4-1715974913.xml,result_file
v9,sentiment,lm-syllable,4,4,5,4,7,100,0.15,0.85,none,resources/text//sentiment/1312397209.txt,resources/results/skip/lm-syllable/sentiment/skip//240-4-1375661789.xml,0.7901,,found,resources/results/reviewer1/comment1-sentiment-lm-syllable.csv,0.679029113625,0.624958277629,0.612591919976,/run/media/wolf/KIOXIA/SentencePartitioning/resources/results/skip/lm-syllable/sentiment/skip/240-4-1375661789.xml,result_file
