task,method,variant_id,lm_window_length,metric,score,graph_density,density_basis,sampled_sentences,distinct_partitions,total_partitions,total_edges,average_sentence_partitions,average_distinct_ngrams_per_sentence,included_in_plot,metric_status,corpus_filename,resolved_corpus_file
analogy,frequent-ngram,v1,2,accuracy,0.0166953281743,0.00967808348811,task partition corpus,10000,26851,172762,3488704,17.2762,16.2249,True,current,resources/text//intrinsic/175838085.txt,/run/media/wolf/KIOXIA/SentencePartitioning/resources/text/intrinsic/175838085.txt
analogy,frequent-ngram,v2,2,accuracy,0.0173402120952,0.00967808348811,task partition corpus,10000,26851,172762,3488704,17.2762,16.2249,True,current,resources/text//intrinsic/175838771.txt,/run/media/wolf/KIOXIA/SentencePartitioning/resources/text/intrinsic/175838771.txt
analogy,frequent-ngram,v3,2,accuracy,0.0166236744053,0.00967808348811,task partition corpus,10000,26851,172762,3488704,17.2762,16.2249,True,current,resources/text//intrinsic/175839457.txt,/run/media/wolf/KIOXIA/SentencePartitioning/resources/text/intrinsic/175839457.txt
analogy,frequent-ngram,v4,3,accuracy,0.0175551734021,0.00967808348811,task partition corpus,10000,26851,172762,3488704,17.2762,16.2249,True,current,resources/text//intrinsic/175840542.txt,/run/media/wolf/KIOXIA/SentencePartitioning/resources/text/intrinsic/175840542.txt
analogy,frequent-ngram,v5,3,accuracy,0.0171969045572,0.00967808348811,task partition corpus,10000,26851,172762,3488704,17.2762,16.2249,True,current,resources/text//intrinsic/175841228.txt,/run/media/wolf/KIOXIA/SentencePartitioning/resources/text/intrinsic/175841228.txt
analogy,frequent-ngram,v6,3,accuracy,0.0164087130983,0.00967808348811,task partition corpus,10000,26851,172762,3488704,17.2762,16.2249,True,current,resources/text//intrinsic/175841914.txt,/run/media/wolf/KIOXIA/SentencePartitioning/resources/text/intrinsic/175841914.txt
analogy,frequent-ngram,v7,4,accuracy,0.0174835196331,0.00967808348811,task partition corpus,10000,26851,172762,3488704,17.2762,16.2249,True,current,resources/text//intrinsic/175842999.txt,/run/media/wolf/KIOXIA/SentencePartitioning/resources/text/intrinsic/175842999.txt
analogy,frequent-ngram,v8,4,accuracy,0.0166236744053,0.00967808348811,task partition corpus,10000,26851,172762,3488704,17.2762,16.2249,True,current,resources/text//intrinsic/175843685.txt,/run/media/wolf/KIOXIA/SentencePartitioning/resources/text/intrinsic/175843685.txt
analogy,frequent-ngram,v9,4,accuracy,0.0161220980224,0.00967808348811,task partition corpus,10000,26851,172762,3488704,17.2762,16.2249,True,current,resources/text//intrinsic/175844371.txt,/run/media/wolf/KIOXIA/SentencePartitioning/resources/text/intrinsic/175844371.txt
analogy,lm-lemma,v1,2,accuracy,0.0308827744339,0.0390416682977,task partition corpus,10000,18418,238703,6621551,23.8703,21.9066,True,current,resources/text//intrinsic/-1392569637.txt,/run/media/wolf/KIOXIA/SentencePartitioning/resources/text/intrinsic/-1392569637.txt
analogy,lm-lemma,v2,2,accuracy,0.0298796216681,0.0390416682977,task partition corpus,10000,18418,238703,6621551,23.8703,21.9066,True,current,resources/text//intrinsic/-1392568951.txt,/run/media/wolf/KIOXIA/SentencePartitioning/resources/text/intrinsic/-1392568951.txt
analogy,lm-lemma,v3,2,accuracy,0.0299512754371,0.0390416682977,task partition corpus,10000,18418,238703,6621551,23.8703,21.9066,True,current,resources/text//intrinsic/-1392568265.txt,/run/media/wolf/KIOXIA/SentencePartitioning/resources/text/intrinsic/-1392568265.txt
analogy,lm-lemma,v4,3,accuracy,0.030381198051,0.038950496106,task partition corpus,10000,18418,238356,6606088,23.8356,21.8853,True,current,resources/text//intrinsic/-1392567180.txt,/run/media/wolf/KIOXIA/SentencePartitioning/resources/text/intrinsic/-1392567180.txt
analogy,lm-lemma,v5,3,accuracy,0.0317426196618,0.038950496106,task partition corpus,10000,18418,238356,6606088,23.8356,21.8853,True,current,resources/text//intrinsic/-1392566494.txt,/run/media/wolf/KIOXIA/SentencePartitioning/resources/text/intrinsic/-1392566494.txt
analogy,lm-lemma,v6,3,accuracy,0.0310260819719,0.038950496106,task partition corpus,10000,18418,238356,6606088,23.8356,21.8853,True,current,resources/text//intrinsic/-1392565808.txt,/run/media/wolf/KIOXIA/SentencePartitioning/resources/text/intrinsic/-1392565808.txt
analogy,lm-lemma,v7,4,accuracy,0.030739466896,0.038866234204,task partition corpus,10000,18418,238039,6591797,23.8039,21.8832,True,current,resources/text//intrinsic/-1392564723.txt,/run/media/wolf/KIOXIA/SentencePartitioning/resources/text/intrinsic/-1392564723.txt
analogy,lm-lemma,v8,4,accuracy,0.03045285182,0.038866234204,task partition corpus,10000,18418,238039,6591797,23.8039,21.8832,True,current,resources/text//intrinsic/-1392564037.txt,/run/media/wolf/KIOXIA/SentencePartitioning/resources/text/intrinsic/-1392564037.txt
analogy,lm-lemma,v9,4,accuracy,0.0308827744339,0.038866234204,task partition corpus,10000,18418,238039,6591797,23.8039,21.8832,True,current,resources/text//intrinsic/-1392563351.txt,/run/media/wolf/KIOXIA/SentencePartitioning/resources/text/intrinsic/-1392563351.txt
analogy,lm-lemma,v10,3,accuracy,0.0312410432789,0.038950496106,task partition corpus,10000,18418,238356,6606088,23.8356,21.8853,True,current,resources/text//intrinsic/-2079644288.txt,/run/media/wolf/KIOXIA/SentencePartitioning/resources/text/intrinsic/-2079644288.txt
analogy,lm-lemma,v11,3,accuracy,0.0317426196618,0.038950496106,task partition corpus,10000,18418,238356,6606088,23.8356,21.8853,True,current,resources/text//intrinsic/-1747506257.txt,/run/media/wolf/KIOXIA/SentencePartitioning/resources/text/intrinsic/-1747506257.txt
analogy,lm-lemma,v12,3,accuracy,0.0315276583548,0.038950496106,task partition corpus,10000,18418,238356,6606088,23.8356,21.8853,True,current,resources/text//intrinsic/1689808136.txt,/run/media/wolf/KIOXIA/SentencePartitioning/resources/text/intrinsic/1689808136.txt
analogy,lm-lemma,v13,3,accuracy,0.0325308111207,0.038950496106,task partition corpus,10000,18418,238356,6606088,23.8356,21.8853,True,current,resources/text//intrinsic/1363077970.txt,/run/media/wolf/KIOXIA/SentencePartitioning/resources/text/intrinsic/1363077970.txt
analogy,lm-lemma,v14,3,accuracy,0.0315993121238,0.038950496106,task partition corpus,10000,18418,238356,6606088,23.8356,21.8853,True,current,resources/text//intrinsic/941152357.txt,/run/media/wolf/KIOXIA/SentencePartitioning/resources/text/intrinsic/941152357.txt
analogy,lm-lemma,v15,3,accuracy,0.0317426196618,0.038950496106,task partition corpus,10000,18418,238356,6606088,23.8356,21.8853,True,current,resources/text//intrinsic/1273290388.txt,/run/media/wolf/KIOXIA/SentencePartitioning/resources/text/intrinsic/1273290388.txt
analogy,lm-lemma,v16,3,accuracy,0.030667813127,0.038950496106,task partition corpus,10000,18418,238356,6606088,23.8356,21.8853,True,current,resources/text//intrinsic/415637485.txt,/run/media/wolf/KIOXIA/SentencePartitioning/resources/text/intrinsic/415637485.txt
analogy,lm-lemma,v17,3,accuracy,0.0323875035827,0.038950496106,task partition corpus,10000,18418,238356,6606088,23.8356,21.8853,True,current,resources/text//intrinsic/88907319.txt,/run/media/wolf/KIOXIA/SentencePartitioning/resources/text/intrinsic/88907319.txt
analogy,lm-lemma,v18,3,accuracy,0.030524505589,0.038950496106,task partition corpus,10000,18418,238356,6606088,23.8356,21.8853,True,current,resources/text//intrinsic/2119117743.txt,/run/media/wolf/KIOXIA/SentencePartitioning/resources/text/intrinsic/2119117743.txt
analogy,lm-lemma,v19,3,accuracy,0.0320292347377,0.038950496106,task partition corpus,10000,18418,238356,6606088,23.8356,21.8853,True,current,resources/text//intrinsic/1261464840.txt,/run/media/wolf/KIOXIA/SentencePartitioning/resources/text/intrinsic/1261464840.txt
analogy,lm-lemma,v20,3,accuracy,0.0308827744339,0.038950496106,task partition corpus,10000,18418,238356,6606088,23.8356,21.8853,True,current,resources/text//intrinsic/934734674.txt,/run/media/wolf/KIOXIA/SentencePartitioning/resources/text/intrinsic/934734674.txt
analogy,lm-lemma,v21,3,accuracy,0.0314560045858,0.038950496106,task partition corpus,10000,18418,238356,6606088,23.8356,21.8853,True,current,resources/text//intrinsic/-1782897280.txt,/run/media/wolf/KIOXIA/SentencePartitioning/resources/text/intrinsic/-1782897280.txt
analogy,lm-lemma,v22,3,accuracy,0.0311693895099,0.038950496106,task partition corpus,10000,18418,238356,6606088,23.8356,21.8853,True,current,resources/text//intrinsic/-1450759249.txt,/run/media/wolf/KIOXIA/SentencePartitioning/resources/text/intrinsic/-1450759249.txt
analogy,lm-lemma,v23,3,accuracy,0.0321725422757,0.038950496106,task partition corpus,10000,18418,238356,6606088,23.8356,21.8853,True,current,resources/text//intrinsic/1986555144.txt,/run/media/wolf/KIOXIA/SentencePartitioning/resources/text/intrinsic/1986555144.txt
analogy,lm-lemma,v24,3,accuracy,0.0310977357409,0.038950496106,task partition corpus,10000,18418,238356,6606088,23.8356,21.8853,True,current,resources/text//intrinsic/1659824978.txt,/run/media/wolf/KIOXIA/SentencePartitioning/resources/text/intrinsic/1659824978.txt
analogy,lm-lemma,v25,3,accuracy,0.0310977357409,0.038950496106,task partition corpus,10000,18418,238356,6606088,23.8356,21.8853,True,current,resources/text//intrinsic/-1189403264.txt,/run/media/wolf/KIOXIA/SentencePartitioning/resources/text/intrinsic/-1189403264.txt
analogy,lm-lemma,v26,3,accuracy,0.0326024648897,0.038950496106,task partition corpus,10000,18418,238356,6606088,23.8356,21.8853,True,current,resources/text//intrinsic/-857265233.txt,/run/media/wolf/KIOXIA/SentencePartitioning/resources/text/intrinsic/-857265233.txt
analogy,lm-lemma,v27,3,accuracy,0.0308111206649,0.038950496106,task partition corpus,10000,18418,238356,6606088,23.8356,21.8853,True,current,resources/text//intrinsic/-1714918136.txt,/run/media/wolf/KIOXIA/SentencePartitioning/resources/text/intrinsic/-1714918136.txt
analogy,lm-lemma,v28,3,accuracy,0.0317426196618,0.038950496106,task partition corpus,10000,18418,238356,6606088,23.8356,21.8853,True,current,resources/text//intrinsic/-2041648302.txt,/run/media/wolf/KIOXIA/SentencePartitioning/resources/text/intrinsic/-2041648302.txt
analogy,lm-rank,v1,2,accuracy,0.000143307537976,0.134063551749,task partition corpus,3984,7482,113465,3751959,28.4801706827,26.0805722892,True,current,resources/text//intrinsic/249431159.txt,/run/media/wolf/KIOXIA/SentencePartitioning/resources/text/intrinsic/249431159.txt
analogy,lm-rank,v2,2,accuracy,0.000644883920894,0.121152869233,task partition corpus,3984,8799,126716,4689440,31.8062248996,28.671435743,True,current,resources/text//intrinsic/249431845.txt,/run/media/wolf/KIOXIA/SentencePartitioning/resources/text/intrinsic/249431845.txt
analogy,lm-rank,v3,2,accuracy,0.00186299799369,0.0973572741774,task partition corpus,3984,9757,125817,4633685,31.5805722892,28.6573795181,True,current,resources/text//intrinsic/249432531.txt,/run/media/wolf/KIOXIA/SentencePartitioning/resources/text/intrinsic/249432531.txt
analogy,lm-rank,v4,3,accuracy,0.000143307537976,0.134063551749,task partition corpus,3984,7482,113465,3751959,28.4801706827,26.0805722892,True,current,resources/text//intrinsic/249433616.txt,/run/media/wolf/KIOXIA/SentencePartitioning/resources/text/intrinsic/249433616.txt
analogy,lm-rank,v5,3,accuracy,0.000214961306965,0.128254141642,task partition corpus,3984,8727,129224,4883392,32.4357429719,28.9789156627,True,current,resources/text//intrinsic/249434302.txt,/run/media/wolf/KIOXIA/SentencePartitioning/resources/text/intrinsic/249434302.txt
analogy,lm-rank,v6,3,accuracy,0.00150472914875,0.101731835202,task partition corpus,3984,9743,128391,4828005,32.2266566265,28.96812249,True,current,resources/text//intrinsic/249434988.txt,/run/media/wolf/KIOXIA/SentencePartitioning/resources/text/intrinsic/249434988.txt
analogy,lm-rank,v7,4,accuracy,0.000214961306965,0.134063551749,task partition corpus,3984,7482,113465,3751959,28.4801706827,26.0805722892,True,current,resources/text//intrinsic/249436073.txt,/run/media/wolf/KIOXIA/SentencePartitioning/resources/text/intrinsic/249436073.txt
analogy,lm-rank,v8,4,accuracy,0.000859845227859,0.130304572019,task partition corpus,3984,8960,133512,5229946,33.5120481928,28.9590863454,True,current,resources/text//intrinsic/249436759.txt,/run/media/wolf/KIOXIA/SentencePartitioning/resources/text/intrinsic/249436759.txt
analogy,lm-rank,v9,4,accuracy,0.000788191458871,0.0997126102817,task partition corpus,3984,10133,132101,5118625,33.1578815261,28.4899598394,True,current,resources/text//intrinsic/249437445.txt,/run/media/wolf/KIOXIA/SentencePartitioning/resources/text/intrinsic/249437445.txt
analogy,lm-rank,v10,3,accuracy,0.000429922613929,0.134063551749,task partition corpus,3984,7482,113465,3751959,28.4801706827,26.0805722892,True,current,resources/text//intrinsic/-437643492.txt,/run/media/wolf/KIOXIA/SentencePartitioning/resources/text/intrinsic/-437643492.txt
analogy,lm-rank,v11,3,accuracy,0.000358268844941,0.132194750766,task partition corpus,3984,7481,112685,3698669,28.2843875502,25.9593373494,True,current,resources/text//intrinsic/-105505461.txt,/run/media/wolf/KIOXIA/SentencePartitioning/resources/text/intrinsic/-105505461.txt
analogy,lm-rank,v12,3,accuracy,0.000501576382918,0.132722151218,task partition corpus,3984,7482,112912,3714418,28.3413654618,25.9987449799,True,current,resources/text//intrinsic/-963158364.txt,/run/media/wolf/KIOXIA/SentencePartitioning/resources/text/intrinsic/-963158364.txt
analogy,lm-rank,v13,3,accuracy,0.000573230151906,0.132583855115,task partition corpus,3984,7480,112822,3708564,28.3187751004,25.9829317269,True,current,resources/text//intrinsic/-1289888530.txt,/run/media/wolf/KIOXIA/SentencePartitioning/resources/text/intrinsic/-1289888530.txt
analogy,lm-rank,v14,3,accuracy,0.000214961306965,0.132519806993,task partition corpus,3984,8589,129275,4887485,32.4485441767,28.9736445783,True,current,resources/text//intrinsic/-1711814143.txt,/run/media/wolf/KIOXIA/SentencePartitioning/resources/text/intrinsic/-1711814143.txt
analogy,lm-rank,v15,3,accuracy,0.000429922613929,0.129643170091,task partition corpus,3984,8667,129030,4868634,32.3870481928,28.953313253,True,current,resources/text//intrinsic/-1379676112.txt,/run/media/wolf/KIOXIA/SentencePartitioning/resources/text/intrinsic/-1379676112.txt
analogy,lm-rank,v16,3,accuracy,0.000429922613929,0.130338900403,task partition corpus,3984,8648,129097,4873323,32.4038654618,28.9570783133,True,current,resources/text//intrinsic/2057638281.txt,/run/media/wolf/KIOXIA/SentencePartitioning/resources/text/intrinsic/2057638281.txt
analogy,lm-rank,v17,3,accuracy,0.000429922613929,0.131095653439,task partition corpus,3984,8619,129031,4868797,32.3872991968,28.9445281124,True,current,resources/text//intrinsic/1730908115.txt,/run/media/wolf/KIOXIA/SentencePartitioning/resources/text/intrinsic/1730908115.txt
analogy,lm-rank,v18,3,accuracy,0.000358268844941,0.127841060355,task partition corpus,3984,8737,129154,4878826,32.4181726908,28.968624498,True,current,resources/text//intrinsic/-533848757.txt,/run/media/wolf/KIOXIA/SentencePartitioning/resources/text/intrinsic/-533848757.txt
analogy,lm-rank,v19,3,accuracy,0.000358268844941,0.12777669109,task partition corpus,3984,8740,129171,4879719,32.422439759,28.9673694779,True,current,resources/text//intrinsic/-1391501660.txt,/run/media/wolf/KIOXIA/SentencePartitioning/resources/text/intrinsic/-1391501660.txt
analogy,lm-rank,v20,3,accuracy,0.000358268844941,0.127954166317,task partition corpus,3984,8735,129183,4880907,32.4254518072,28.9698795181,True,current,resources/text//intrinsic/-1718231826.txt,/run/media/wolf/KIOXIA/SentencePartitioning/resources/text/intrinsic/-1718231826.txt
analogy,lm-rank,v21,3,accuracy,0.000644883920894,0.127945964945,task partition corpus,3984,8731,129125,4876125,32.4108935743,28.9568273092,True,current,resources/text//intrinsic/-140896484.txt,/run/media/wolf/KIOXIA/SentencePartitioning/resources/text/intrinsic/-140896484.txt
analogy,lm-rank,v22,3,accuracy,0.000644883920894,0.12784018203,task partition corpus,3984,8733,129100,4874326,32.4046184739,28.9505522088,True,current,resources/text//intrinsic/191241547.txt,/run/media/wolf/KIOXIA/SentencePartitioning/resources/text/intrinsic/191241547.txt
analogy,lm-rank,v23,3,accuracy,0.000644883920894,0.127816702783,task partition corpus,3984,8734,129105,4874547,32.405873494,28.952560241,True,current,resources/text//intrinsic/-666411356.txt,/run/media/wolf/KIOXIA/SentencePartitioning/resources/text/intrinsic/-666411356.txt
analogy,lm-rank,v24,3,accuracy,0.000788191458871,0.127826719299,task partition corpus,3984,8734,129107,4874929,32.406375502,28.953564257,True,current,resources/text//intrinsic/-993141522.txt,/run/media/wolf/KIOXIA/SentencePartitioning/resources/text/intrinsic/-993141522.txt
analogy,lm-rank,v25,3,accuracy,0.000644883920894,0.12708265359,task partition corpus,3984,8749,128955,4863215,32.3682228916,28.9585843373,True,current,resources/text//intrinsic/452597532.txt,/run/media/wolf/KIOXIA/SentencePartitioning/resources/text/intrinsic/452597532.txt
analogy,lm-rank,v26,3,accuracy,0.000716537689882,0.127039420015,task partition corpus,3984,8750,128946,4862672,32.3659638554,28.9570783133,True,current,resources/text//intrinsic/784735563.txt,/run/media/wolf/KIOXIA/SentencePartitioning/resources/text/intrinsic/784735563.txt
analogy,lm-rank,v27,3,accuracy,0.000859845227859,0.127045925249,task partition corpus,3984,8750,128951,4862921,32.3672188755,28.9578313253,True,current,resources/text//intrinsic/-72917340.txt,/run/media/wolf/KIOXIA/SentencePartitioning/resources/text/intrinsic/-72917340.txt
analogy,lm-rank,v28,3,accuracy,0.000859845227859,0.127045925249,task partition corpus,3984,8750,128951,4862921,32.3672188755,28.9578313253,True,current,resources/text//intrinsic/-399647506.txt,/run/media/wolf/KIOXIA/SentencePartitioning/resources/text/intrinsic/-399647506.txt
analogy,lm-skip,v1,2,accuracy,0.000143307537976,0.0593662798434,task partition corpus,10000,15350,244986,6993560,24.4986,22.9137,True,current,resources/text//intrinsic/249470410.txt,/run/media/wolf/KIOXIA/SentencePartitioning/resources/text/intrinsic/249470410.txt
analogy,lm-skip,v2,2,accuracy,0.0200630553167,0.233434254142,task partition corpus,10000,11937,378396,16629860,37.8396,33.9489,True,current,resources/text//intrinsic/249471096.txt,/run/media/wolf/KIOXIA/SentencePartitioning/resources/text/intrinsic/249471096.txt
analogy,lm-skip,v3,2,accuracy,0.0161937517913,0.281579921324,task partition corpus,10000,12022,418313,20346467,41.8313,35.3885,True,current,resources/text//intrinsic/249471782.txt,/run/media/wolf/KIOXIA/SentencePartitioning/resources/text/intrinsic/249471782.txt
analogy,lm-skip,v4,3,accuracy,0.000214961306965,0.0593662798434,task partition corpus,10000,15350,244986,6993560,24.4986,22.9137,True,current,resources/text//intrinsic/249472867.txt,/run/media/wolf/KIOXIA/SentencePartitioning/resources/text/intrinsic/249472867.txt
analogy,lm-skip,v5,3,accuracy,0.0205646316996,0.233434254142,task partition corpus,10000,11937,378396,16629860,37.8396,33.9489,True,current,resources/text//intrinsic/249473553.txt,/run/media/wolf/KIOXIA/SentencePartitioning/resources/text/intrinsic/249473553.txt
analogy,lm-skip,v6,3,accuracy,0.0152622527945,0.281579921324,task partition corpus,10000,12022,418313,20346467,41.8313,35.3885,True,current,resources/text//intrinsic/249474239.txt,/run/media/wolf/KIOXIA/SentencePartitioning/resources/text/intrinsic/249474239.txt
analogy,lm-skip,v7,4,accuracy,0.000143307537976,0.0593662798434,task partition corpus,10000,15350,244986,6993560,24.4986,22.9137,True,current,resources/text//intrinsic/249475324.txt,/run/media/wolf/KIOXIA/SentencePartitioning/resources/text/intrinsic/249475324.txt
analogy,lm-skip,v8,4,accuracy,0.0207795930066,0.233434254142,task partition corpus,10000,11937,378396,16629860,37.8396,33.9489,True,current,resources/text//intrinsic/249476010.txt,/run/media/wolf/KIOXIA/SentencePartitioning/resources/text/intrinsic/249476010.txt
analogy,lm-skip,v9,4,accuracy,0.0162654055603,0.281579921324,task partition corpus,10000,12022,418313,20346467,41.8313,35.3885,True,current,resources/text//intrinsic/249476696.txt,/run/media/wolf/KIOXIA/SentencePartitioning/resources/text/intrinsic/249476696.txt
analogy,lm-subword,v1,2,accuracy,0.000214961306965,0.0115200307574,task partition corpus,10000,26546,185917,4058873,18.5917,17.4607,True,current,resources/text//intrinsic/74555517.txt,/run/media/wolf/KIOXIA/SentencePartitioning/resources/text/intrinsic/74555517.txt
analogy,lm-subword,v2,2,accuracy,0.0347520779593,0.025855209275,task partition corpus,10000,26711,280648,9223210,28.0648,26.4589,True,current,resources/text//intrinsic/74556203.txt,/run/media/wolf/KIOXIA/SentencePartitioning/resources/text/intrinsic/74556203.txt
analogy,lm-subword,v3,2,accuracy,0.0301662367441,0.0340513700744,task partition corpus,10000,26765,322741,12196153,32.2741,29.5121,True,current,resources/text//intrinsic/74556889.txt,/run/media/wolf/KIOXIA/SentencePartitioning/resources/text/intrinsic/74556889.txt
analogy,lm-subword,v4,3,accuracy,0.000214961306965,0.0115200307574,task partition corpus,10000,26546,185917,4058873,18.5917,17.4607,True,current,resources/text//intrinsic/74557974.txt,/run/media/wolf/KIOXIA/SentencePartitioning/resources/text/intrinsic/74557974.txt
analogy,lm-subword,v5,3,accuracy,0.0353969618802,0.0257429076806,task partition corpus,10000,26751,280562,9210674,28.0562,26.4249,True,current,resources/text//intrinsic/74558660.txt,/run/media/wolf/KIOXIA/SentencePartitioning/resources/text/intrinsic/74558660.txt
analogy,lm-subword,v6,3,accuracy,0.0288048151333,0.0340524318304,task partition corpus,10000,26738,322436,12171938,32.2436,29.4986,True,current,resources/text//intrinsic/74559346.txt,/run/media/wolf/KIOXIA/SentencePartitioning/resources/text/intrinsic/74559346.txt
analogy,lm-subword,v7,4,accuracy,0.000286615075953,0.0115200307574,task partition corpus,10000,26546,185917,4058873,18.5917,17.4607,True,current,resources/text//intrinsic/74560431.txt,/run/media/wolf/KIOXIA/SentencePartitioning/resources/text/intrinsic/74560431.txt
analogy,lm-subword,v8,4,accuracy,0.0377615362568,0.0260631697073,task partition corpus,10000,26609,280662,9226522,28.0662,26.4536,True,current,resources/text//intrinsic/74561117.txt,/run/media/wolf/KIOXIA/SentencePartitioning/resources/text/intrinsic/74561117.txt
analogy,lm-subword,v9,4,accuracy,0.0292347377472,0.0336564596778,task partition corpus,10000,26891,322332,12168476,32.2332,29.4681,True,current,resources/text//intrinsic/74561803.txt,/run/media/wolf/KIOXIA/SentencePartitioning/resources/text/intrinsic/74561803.txt
analogy,lm-subword,v10,3,accuracy,0.0339638865004,0.0258086334224,task partition corpus,10000,26692,280278,9193502,28.0278,26.4121,True,current,resources/text//intrinsic/113265181.txt,/run/media/wolf/KIOXIA/SentencePartitioning/resources/text/intrinsic/113265181.txt
analogy,lm-subword,v11,3,accuracy,0.0371166523359,0.0259947666071,task partition corpus,10000,26619,280567,9209225,28.0567,26.4532,True,current,resources/text//intrinsic/117382896.txt,/run/media/wolf/KIOXIA/SentencePartitioning/resources/text/intrinsic/117382896.txt
analogy,lm-subword,v12,3,accuracy,0.0358985382631,0.0258041342536,task partition corpus,10000,26732,280724,9219470,28.0724,26.4691,True,current,resources/text//intrinsic/125618326.txt,/run/media/wolf/KIOXIA/SentencePartitioning/resources/text/intrinsic/125618326.txt
analogy,lm-syllable,v1,2,accuracy,0,0.0127224213245,task partition corpus,10000,25329,186622,4080926,18.6622,17.5524,True,current,resources/text//intrinsic/1312390923.txt,/run/media/wolf/KIOXIA/SentencePartitioning/resources/text/intrinsic/1312390923.txt
analogy,lm-syllable,v2,2,accuracy,0.000788191458871,0.0823527829655,task partition corpus,10000,15887,298782,10392134,29.8782,27.6336,True,current,resources/text//intrinsic/1312391609.txt,/run/media/wolf/KIOXIA/SentencePartitioning/resources/text/intrinsic/1312391609.txt
analogy,lm-syllable,v3,2,accuracy,0.00207795930066,0.116405943295,task partition corpus,10000,14694,328532,12565960,32.8532,30.031,True,current,resources/text//intrinsic/1312392295.txt,/run/media/wolf/KIOXIA/SentencePartitioning/resources/text/intrinsic/1312392295.txt
analogy,lm-syllable,v4,3,accuracy,7.16537689882e-05,0.0127224213245,task partition corpus,10000,25329,186622,4080926,18.6622,17.5524,True,current,resources/text//intrinsic/1312393380.txt,/run/media/wolf/KIOXIA/SentencePartitioning/resources/text/intrinsic/1312393380.txt
analogy,lm-syllable,v5,3,accuracy,0.000788191458871,0.0822522989353,task partition corpus,10000,15897,298789,10392525,29.8789,27.6347,True,current,resources/text//intrinsic/1312394066.txt,/run/media/wolf/KIOXIA/SentencePartitioning/resources/text/intrinsic/1312394066.txt
analogy,lm-syllable,v6,3,accuracy,0.00207795930066,0.115529386077,task partition corpus,10000,14750,328543,12566579,32.8543,30.0379,True,current,resources/text//intrinsic/1312394752.txt,/run/media/wolf/KIOXIA/SentencePartitioning/resources/text/intrinsic/1312394752.txt
analogy,lm-syllable,v7,4,accuracy,0,0.0127224213245,task partition corpus,10000,25329,186622,4080926,18.6622,17.5524,True,current,resources/text//intrinsic/1312395837.txt,/run/media/wolf/KIOXIA/SentencePartitioning/resources/text/intrinsic/1312395837.txt
analogy,lm-syllable,v8,4,accuracy,0.00100315276584,0.0823151774326,task partition corpus,10000,15891,298790,10392620,29.879,27.6338,True,current,resources/text//intrinsic/1312396523.txt,/run/media/wolf/KIOXIA/SentencePartitioning/resources/text/intrinsic/1312396523.txt
analogy,lm-syllable,v9,4,accuracy,0.00186299799369,0.115738059721,task partition corpus,10000,14737,328549,12567095,32.8549,30.0383,True,current,resources/text//intrinsic/1312397209.txt,/run/media/wolf/KIOXIA/SentencePartitioning/resources/text/intrinsic/1312397209.txt
analogy,lm-word,v1,10,accuracy,0.000143307537976,0.0111036303246,task partition corpus,10000,31784,213901,5608393,21.3901,19.7765,True,current,resources/text//intrinsic/249640291.txt,/run/media/wolf/KIOXIA/SentencePartitioning/resources/text/intrinsic/249640291.txt
morphology,frequent-ngram,v1,2,f_score,0.345762,0.00576119814438,mean reference-corpus density for the same LM variant,,,,,17.714075,16.6289,True,current,resources/evaluation/morphology,
morphology,frequent-ngram,v2,2,f_score,0.345762,0.00576119814438,mean reference-corpus density for the same LM variant,,,,,17.714075,16.6289,True,current,resources/evaluation/morphology,
morphology,frequent-ngram,v3,2,f_score,0.345762,0.00576119814438,mean reference-corpus density for the same LM variant,,,,,17.714075,16.6289,True,current,resources/evaluation/morphology,
morphology,frequent-ngram,v4,3,f_score,0.345762,0.00576119814438,mean reference-corpus density for the same LM variant,,,,,17.714075,16.6289,True,current,resources/evaluation/morphology,
morphology,frequent-ngram,v5,3,f_score,0.345762,0.00576119814438,mean reference-corpus density for the same LM variant,,,,,17.714075,16.6289,True,current,resources/evaluation/morphology,
morphology,frequent-ngram,v6,3,f_score,0.345762,0.00576119814438,mean reference-corpus density for the same LM variant,,,,,17.714075,16.6289,True,current,resources/evaluation/morphology,
morphology,frequent-ngram,v7,4,f_score,0.345762,0.00576119814438,mean reference-corpus density for the same LM variant,,,,,17.714075,16.6289,True,current,resources/evaluation/morphology,
morphology,frequent-ngram,v8,4,f_score,0.345762,0.00576119814438,mean reference-corpus density for the same LM variant,,,,,17.714075,16.6289,True,current,resources/evaluation/morphology,
morphology,frequent-ngram,v9,4,f_score,0.345762,0.00576119814438,mean reference-corpus density for the same LM variant,,,,,17.714075,16.6289,True,current,resources/evaluation/morphology,
morphology,lm-lemma,v1,2,f_score,0.475877,0.024916801666,mean reference-corpus density for the same LM variant,,,,,24.50495,22.466375,True,current,resources/evaluation/morphology,
morphology,lm-lemma,v2,2,f_score,0.475877,0.024916801666,mean reference-corpus density for the same LM variant,,,,,24.50495,22.466375,True,current,resources/evaluation/morphology,
morphology,lm-lemma,v3,2,f_score,0.475877,0.024916801666,mean reference-corpus density for the same LM variant,,,,,24.50495,22.466375,True,current,resources/evaluation/morphology,
morphology,lm-lemma,v4,3,f_score,0.475877,0.0248535464275,mean reference-corpus density for the same LM variant,,,,,24.4657,22.442025,True,current,resources/evaluation/morphology,
morphology,lm-lemma,v5,3,f_score,0.475877,0.0248535464275,mean reference-corpus density for the same LM variant,,,,,24.4657,22.442025,True,current,resources/evaluation/morphology,
morphology,lm-lemma,v6,3,f_score,0.475877,0.0248535464275,mean reference-corpus density for the same LM variant,,,,,24.4657,22.442025,True,current,resources/evaluation/morphology,
morphology,lm-lemma,v7,4,f_score,0.475877,0.0247943142361,mean reference-corpus density for the same LM variant,,,,,24.43005,22.4393,True,current,resources/evaluation/morphology,
morphology,lm-lemma,v8,4,f_score,0.475877,0.0247943142361,mean reference-corpus density for the same LM variant,,,,,24.43005,22.4393,True,current,resources/evaluation/morphology,
morphology,lm-lemma,v9,4,f_score,0.475877,0.0247943142361,mean reference-corpus density for the same LM variant,,,,,24.43005,22.4393,True,current,resources/evaluation/morphology,
morphology,lm-lemma,v10,3,f_score,0.475877,0.0248535464275,mean reference-corpus density for the same LM variant,,,,,24.4657,22.442025,True,current,resources/evaluation/morphology,
morphology,lm-lemma,v11,3,f_score,0.475877,0.0248535464275,mean reference-corpus density for the same LM variant,,,,,24.4657,22.442025,True,current,resources/evaluation/morphology,
morphology,lm-lemma,v12,3,f_score,0.475877,0.0248535464275,mean reference-corpus density for the same LM variant,,,,,24.4657,22.442025,True,current,resources/evaluation/morphology,
morphology,lm-lemma,v13,3,f_score,0.475877,0.0248535464275,mean reference-corpus density for the same LM variant,,,,,24.4657,22.442025,True,current,resources/evaluation/morphology,
morphology,lm-lemma,v14,3,f_score,0.475877,0.0248535464275,mean reference-corpus density for the same LM variant,,,,,24.4657,22.442025,True,current,resources/evaluation/morphology,
morphology,lm-lemma,v15,3,f_score,0.475877,0.0248535464275,mean reference-corpus density for the same LM variant,,,,,24.4657,22.442025,True,current,resources/evaluation/morphology,
morphology,lm-lemma,v16,3,f_score,0.475877,0.0248535464275,mean reference-corpus density for the same LM variant,,,,,24.4657,22.442025,True,current,resources/evaluation/morphology,
morphology,lm-lemma,v17,3,f_score,0.475877,0.0248535464275,mean reference-corpus density for the same LM variant,,,,,24.4657,22.442025,True,current,resources/evaluation/morphology,
morphology,lm-lemma,v18,3,f_score,0.475877,0.0248535464275,mean reference-corpus density for the same LM variant,,,,,24.4657,22.442025,True,current,resources/evaluation/morphology,
morphology,lm-lemma,v19,3,f_score,0.475877,0.0248535464275,mean reference-corpus density for the same LM variant,,,,,24.4657,22.442025,True,current,resources/evaluation/morphology,
morphology,lm-lemma,v20,3,f_score,0.475877,0.0248535464275,mean reference-corpus density for the same LM variant,,,,,24.4657,22.442025,True,current,resources/evaluation/morphology,
morphology,lm-lemma,v21,3,f_score,0.475877,0.0248535464275,mean reference-corpus density for the same LM variant,,,,,24.4657,22.442025,True,current,resources/evaluation/morphology,
morphology,lm-lemma,v22,3,f_score,0.475877,0.0248535464275,mean reference-corpus density for the same LM variant,,,,,24.4657,22.442025,True,current,resources/evaluation/morphology,
morphology,lm-lemma,v23,3,f_score,0.475877,0.0248535464275,mean reference-corpus density for the same LM variant,,,,,24.4657,22.442025,True,current,resources/evaluation/morphology,
morphology,lm-lemma,v24,3,f_score,0.475877,0.0248535464275,mean reference-corpus density for the same LM variant,,,,,24.4657,22.442025,True,current,resources/evaluation/morphology,
morphology,lm-lemma,v25,3,f_score,0.475877,0.0248535464275,mean reference-corpus density for the same LM variant,,,,,24.4657,22.442025,True,current,resources/evaluation/morphology,
morphology,lm-lemma,v26,3,f_score,0.475877,0.0248535464275,mean reference-corpus density for the same LM variant,,,,,24.4657,22.442025,True,current,resources/evaluation/morphology,
morphology,lm-lemma,v27,3,f_score,0.475877,0.0248535464275,mean reference-corpus density for the same LM variant,,,,,24.4657,22.442025,True,current,resources/evaluation/morphology,
morphology,lm-lemma,v28,3,f_score,0.475877,0.0248535464275,mean reference-corpus density for the same LM variant,,,,,24.4657,22.442025,True,current,resources/evaluation/morphology,
morphology,lm-rank,v1,2,f_score,0.486911,0.0778101478499,mean reference-corpus density for the same LM variant,,,,,29.5526426707,27.1261180723,True,current,resources/evaluation/morphology,
morphology,lm-rank,v2,2,f_score,0.439903,0.0642305291927,mean reference-corpus density for the same LM variant,,,,,33.0695312249,29.8945839357,True,current,resources/evaluation/morphology,
morphology,lm-rank,v3,2,f_score,0.397296,0.0494119288828,mean reference-corpus density for the same LM variant,,,,,32.9103430723,29.9192448795,True,current,resources/evaluation/morphology,
morphology,lm-rank,v4,3,f_score,0.486911,0.0791417462956,mean reference-corpus density for the same LM variant,,,,,29.8144426707,27.2996680723,True,current,resources/evaluation/morphology,
morphology,lm-rank,v5,3,f_score,0.417918,0.068144503261,mean reference-corpus density for the same LM variant,,,,,33.983060743,30.3692289157,True,current,resources/evaluation/morphology,
morphology,lm-rank,v6,3,f_score,0.38382,0.0517678953509,mean reference-corpus density for the same LM variant,,,,,33.8198391566,30.3426806225,True,current,resources/evaluation/morphology,
morphology,lm-rank,v7,4,f_score,0.486911,0.0791417462956,mean reference-corpus density for the same LM variant,,,,,29.8144426707,27.2996680723,True,current,resources/evaluation/morphology,
morphology,lm-rank,v8,4,f_score,0.370133,0.0689824658347,mean reference-corpus density for the same LM variant,,,,,35.0558620482,30.4132215863,True,current,resources/evaluation/morphology,
morphology,lm-rank,v9,4,f_score,0.324811,0.0506127037611,mean reference-corpus density for the same LM variant,,,,,34.7185203815,30.0271149598,True,current,resources/evaluation/morphology,
morphology,lm-rank,v10,3,f_score,0.486911,0.0791417462956,mean reference-corpus density for the same LM variant,,,,,29.8144426707,27.2996680723,True,current,resources/evaluation/morphology,
morphology,lm-rank,v11,3,f_score,0.493722,0.0782019048636,mean reference-corpus density for the same LM variant,,,,,29.6137468876,27.1646593373,True,current,resources/evaluation/morphology,
morphology,lm-rank,v12,3,f_score,0.492223,0.0784473002004,mean reference-corpus density for the same LM variant,,,,,29.6749913655,27.209761245,True,current,resources/evaluation/morphology,
morphology,lm-rank,v13,3,f_score,0.492889,0.0783565764941,mean reference-corpus density for the same LM variant,,,,,29.6517187751,27.1923079317,True,current,resources/evaluation/morphology,
morphology,lm-rank,v14,3,f_score,0.429443,0.0708045213505,mean reference-corpus density for the same LM variant,,,,,34.0182110442,30.3856111446,True,current,resources/evaluation/morphology,
morphology,lm-rank,v15,3,f_score,0.42509,0.068800286223,mean reference-corpus density for the same LM variant,,,,,33.9131370482,30.3263783133,True,current,resources/evaluation/morphology,
morphology,lm-rank,v16,3,f_score,0.42674,0.0694138975791,mean reference-corpus density for the same LM variant,,,,,33.9417663655,30.3423445783,True,current,resources/evaluation/morphology,
morphology,lm-rank,v17,3,f_score,0.428633,0.0698028954257,mean reference-corpus density for the same LM variant,,,,,33.9306997992,30.3363320281,True,current,resources/evaluation/morphology,
morphology,lm-rank,v18,3,f_score,0.416921,0.0678931393402,mean reference-corpus density for the same LM variant,,,,,33.9532681727,30.3520561245,True,current,resources/evaluation/morphology,
morphology,lm-rank,v19,3,f_score,0.417018,0.0679152544617,mean reference-corpus density for the same LM variant,,,,,33.9611349398,30.3557673695,True,current,resources/evaluation/morphology,
morphology,lm-rank,v20,3,f_score,0.417679,0.0679768415613,mean reference-corpus density for the same LM variant,,,,,33.9600629518,30.3551198795,True,current,resources/evaluation/morphology,
morphology,lm-rank,v21,3,f_score,0.413978,0.0678895599494,mean reference-corpus density for the same LM variant,,,,,33.9558983936,30.3545318273,True,current,resources/evaluation/morphology,
morphology,lm-rank,v22,3,f_score,0.411829,0.0678005039632,mean reference-corpus density for the same LM variant,,,,,33.9423796185,30.3455630522,True,current,resources/evaluation/morphology,
morphology,lm-rank,v23,3,f_score,0.412023,0.0678201469522,mean reference-corpus density for the same LM variant,,,,,33.9460933735,30.3485900602,True,current,resources/evaluation/morphology,
morphology,lm-rank,v24,3,f_score,0.414004,0.0678141410167,mean reference-corpus density for the same LM variant,,,,,33.9453188755,30.3480910643,True,current,resources/evaluation/morphology,
morphology,lm-rank,v25,3,f_score,0.415739,0.067547256347,mean reference-corpus density for the same LM variant,,,,,33.9158807229,30.3449210843,True,current,resources/evaluation/morphology,
morphology,lm-rank,v26,3,f_score,0.415739,0.0675036553954,mean reference-corpus density for the same LM variant,,,,,33.9052409639,30.3383695783,True,current,resources/evaluation/morphology,
morphology,lm-rank,v27,3,f_score,0.415739,0.0675259243748,mean reference-corpus density for the same LM variant,,,,,33.9085547189,30.3407078313,True,current,resources/evaluation/morphology,
morphology,lm-rank,v28,3,f_score,0.415739,0.0675153694197,mean reference-corpus density for the same LM variant,,,,,33.9076047189,30.3400078313,True,current,resources/evaluation/morphology,
morphology,lm-skip,v1,2,f_score,0.538576,0.0388322789402,mean reference-corpus density for the same LM variant,,,,,25.3198,23.6428,True,current,resources/evaluation/morphology,
morphology,lm-skip,v2,2,f_score,0.247958,0.154975447376,mean reference-corpus density for the same LM variant,,,,,38.960375,34.82465,True,current,resources/evaluation/morphology,
morphology,lm-skip,v3,2,f_score,0.182867,0.184224852736,mean reference-corpus density for the same LM variant,,,,,42.7579,36.168875,True,current,resources/evaluation/morphology,
morphology,lm-skip,v4,3,f_score,0.538576,0.0388322789402,mean reference-corpus density for the same LM variant,,,,,25.3198,23.6428,True,current,resources/evaluation/morphology,
morphology,lm-skip,v5,3,f_score,0.247958,0.154975447376,mean reference-corpus density for the same LM variant,,,,,38.960375,34.82465,True,current,resources/evaluation/morphology,
morphology,lm-skip,v6,3,f_score,0.182867,0.184224852736,mean reference-corpus density for the same LM variant,,,,,42.7579,36.168875,True,current,resources/evaluation/morphology,
morphology,lm-skip,v7,4,f_score,0.538576,0.0388322789402,mean reference-corpus density for the same LM variant,,,,,25.3198,23.6428,True,current,resources/evaluation/morphology,
morphology,lm-skip,v8,4,f_score,0.247958,0.154975447376,mean reference-corpus density for the same LM variant,,,,,38.960375,34.82465,True,current,resources/evaluation/morphology,
morphology,lm-skip,v9,4,f_score,0.182867,0.184224852736,mean reference-corpus density for the same LM variant,,,,,42.7579,36.168875,True,current,resources/evaluation/morphology,
morphology,lm-subword,v1,2,f_score,0.357329,0.0072999132162,mean reference-corpus density for the same LM variant,,,,,19.654675,18.4294,True,current,resources/evaluation/morphology,
morphology,lm-subword,v2,2,f_score,0.222423,0.0202006444336,mean reference-corpus density for the same LM variant,,,,,29.911325,27.858,True,current,resources/evaluation/morphology,
morphology,lm-subword,v3,2,f_score,0.198302,0.0258427073848,mean reference-corpus density for the same LM variant,,,,,33.7528,30.59895,True,current,resources/evaluation/morphology,
morphology,lm-subword,v4,3,f_score,0.357329,0.00850600361851,mean reference-corpus density for the same LM variant,,,,,20.887575,19.211975,True,current,resources/evaluation/morphology,
morphology,lm-subword,v5,3,f_score,0.224409,0.0201171676927,mean reference-corpus density for the same LM variant,,,,,29.909325,27.8429,True,current,resources/evaluation/morphology,
morphology,lm-subword,v6,3,f_score,0.191012,0.0258761122194,mean reference-corpus density for the same LM variant,,,,,33.75675,30.601275,True,current,resources/evaluation/morphology,
morphology,lm-subword,v7,4,f_score,0.357329,0.00850600361851,mean reference-corpus density for the same LM variant,,,,,20.887575,19.211975,True,current,resources/evaluation/morphology,
morphology,lm-subword,v8,4,f_score,0.226115,0.020102654601,mean reference-corpus density for the same LM variant,,,,,29.88615,27.83195,True,current,resources/evaluation/morphology,
morphology,lm-subword,v9,4,f_score,0.199732,0.025863335012,mean reference-corpus density for the same LM variant,,,,,33.7641,30.601575,True,current,resources/evaluation/morphology,
morphology,lm-subword,v10,3,f_score,0.230668,0.0200804104654,mean reference-corpus density for the same LM variant,,,,,29.870075,27.820925,True,current,resources/evaluation/morphology,
morphology,lm-subword,v11,3,f_score,0.226355,0.0201683940015,mean reference-corpus density for the same LM variant,,,,,29.9038,27.855825,True,current,resources/evaluation/morphology,
morphology,lm-subword,v12,3,f_score,0.234597,0.0200996001225,mean reference-corpus density for the same LM variant,,,,,29.90485,27.8533,True,current,resources/evaluation/morphology,
morphology,lm-syllable,v1,2,f_score,0.35815,0.00766052943582,mean reference-corpus density for the same LM variant,,,,,19.1052,17.957825,True,current,resources/evaluation/morphology,
morphology,lm-syllable,v2,2,f_score,0.212726,0.05082327304,mean reference-corpus density for the same LM variant,,,,,30.401675,28.07415,True,current,resources/evaluation/morphology,
morphology,lm-syllable,v3,2,f_score,0.218891,0.0733057929934,mean reference-corpus density for the same LM variant,,,,,33.583625,30.629,True,current,resources/evaluation/morphology,
morphology,lm-syllable,v4,3,f_score,0.35815,0.00766052943582,mean reference-corpus density for the same LM variant,,,,,19.1052,17.957825,True,current,resources/evaluation/morphology,
morphology,lm-syllable,v5,3,f_score,0.212196,0.0508214154505,mean reference-corpus density for the same LM variant,,,,,30.404025,28.07565,True,current,resources/evaluation/morphology,
morphology,lm-syllable,v6,3,f_score,0.217637,0.0730562581053,mean reference-corpus density for the same LM variant,,,,,33.5869,30.634575,True,current,resources/evaluation/morphology,
morphology,lm-syllable,v7,4,f_score,0.35815,0.00766052943582,mean reference-corpus density for the same LM variant,,,,,19.1052,17.957825,True,current,resources/evaluation/morphology,
morphology,lm-syllable,v8,4,f_score,0.211134,0.0508348354169,mean reference-corpus density for the same LM variant,,,,,30.4045,28.076625,True,current,resources/evaluation/morphology,
morphology,lm-syllable,v9,4,f_score,0.221651,0.0732340068215,mean reference-corpus density for the same LM variant,,,,,33.5879,30.635075,True,current,resources/evaluation/morphology,
morphology,lm-word,v1,10,f_score,0.345762,0.0066045922361,mean reference-corpus density for the same LM variant,,,,,20.2498,18.803675,True,current,resources/evaluation/morphology,
ner,frequent-ngram,v1,2,f_score,0.402539010659,0.00368888049578,task partition corpus,10000,53289,222075,5237591,22.2075,20.6655,True,current,resources/text//ner/175838085.txt,/run/media/wolf/KIOXIA/SentencePartitioning/resources/text/ner/175838085.txt
ner,frequent-ngram,v2,2,f_score,0.389273613089,0.00368888049578,task partition corpus,10000,53289,222075,5237591,22.2075,20.6655,True,current,resources/text//ner/175838771.txt,/run/media/wolf/KIOXIA/SentencePartitioning/resources/text/ner/175838771.txt
ner,frequent-ngram,v3,2,f_score,0.400716035378,0.00368888049578,task partition corpus,10000,53289,222075,5237591,22.2075,20.6655,True,current,resources/text//ner/175839457.txt,/run/media/wolf/KIOXIA/SentencePartitioning/resources/text/ner/175839457.txt
ner,frequent-ngram,v4,3,f_score,0.406839094288,0.00368888049578,task partition corpus,10000,53289,222075,5237591,22.2075,20.6655,True,current,resources/text//ner/175840542.txt,/run/media/wolf/KIOXIA/SentencePartitioning/resources/text/ner/175840542.txt
ner,frequent-ngram,v5,3,f_score,0.407217562893,0.00368888049578,task partition corpus,10000,53289,222075,5237591,22.2075,20.6655,True,current,resources/text//ner/175841228.txt,/run/media/wolf/KIOXIA/SentencePartitioning/resources/text/ner/175841228.txt
ner,frequent-ngram,v6,3,f_score,0.394611386997,0.00368888049578,task partition corpus,10000,53289,222075,5237591,22.2075,20.6655,True,current,resources/text//ner/175841914.txt,/run/media/wolf/KIOXIA/SentencePartitioning/resources/text/ner/175841914.txt
ner,frequent-ngram,v7,4,f_score,0.40650838673,0.00368888049578,task partition corpus,10000,53289,222075,5237591,22.2075,20.6655,True,current,resources/text//ner/175842999.txt,/run/media/wolf/KIOXIA/SentencePartitioning/resources/text/ner/175842999.txt
ner,frequent-ngram,v8,4,f_score,0.391313357192,0.00368888049578,task partition corpus,10000,53289,222075,5237591,22.2075,20.6655,True,current,resources/text//ner/175843685.txt,/run/media/wolf/KIOXIA/SentencePartitioning/resources/text/ner/175843685.txt
ner,frequent-ngram,v9,4,f_score,0.40448439835,0.00368888049578,task partition corpus,10000,53289,222075,5237591,22.2075,20.6655,True,current,resources/text//ner/175844371.txt,/run/media/wolf/KIOXIA/SentencePartitioning/resources/text/ner/175844371.txt
ner,lm-lemma,v1,2,f_score,0.631511421961,0.0175536106624,task partition corpus,10000,33840,308649,10050423,30.8649,28.0383,True,current,resources/text//ner/-1392569637.txt,/run/media/wolf/KIOXIA/SentencePartitioning/resources/text/ner/-1392569637.txt
ner,lm-lemma,v2,2,f_score,0.646739874016,0.0175536106624,task partition corpus,10000,33840,308649,10050423,30.8649,28.0383,True,current,resources/text//ner/-1392568951.txt,/run/media/wolf/KIOXIA/SentencePartitioning/resources/text/ner/-1392568951.txt
ner,lm-lemma,v3,2,f_score,0.651787724005,0.0175536106624,task partition corpus,10000,33840,308649,10050423,30.8649,28.0383,True,current,resources/text//ner/-1392568265.txt,/run/media/wolf/KIOXIA/SentencePartitioning/resources/text/ner/-1392568265.txt
ner,lm-lemma,v4,3,f_score,0.656447101519,0.0175048752491,task partition corpus,10000,33842,308208,10023704,30.8208,28.0031,True,current,resources/text//ner/-1392567180.txt,/run/media/wolf/KIOXIA/SentencePartitioning/resources/text/ner/-1392567180.txt
ner,lm-lemma,v5,3,f_score,0.654494388836,0.0175048752491,task partition corpus,10000,33842,308208,10023704,30.8208,28.0031,True,current,resources/text//ner/-1392566494.txt,/run/media/wolf/KIOXIA/SentencePartitioning/resources/text/ner/-1392566494.txt
ner,lm-lemma,v6,3,f_score,0.656964962686,0.0175048752491,task partition corpus,10000,33842,308208,10023704,30.8208,28.0031,True,current,resources/text//ner/-1392565808.txt,/run/media/wolf/KIOXIA/SentencePartitioning/resources/text/ner/-1392565808.txt
ner,lm-lemma,v7,4,f_score,0.651898639226,0.0174594392176,task partition corpus,10000,33844,307790,9998868,30.779,27.9992,True,current,resources/text//ner/-1392564723.txt,/run/media/wolf/KIOXIA/SentencePartitioning/resources/text/ner/-1392564723.txt
ner,lm-lemma,v8,4,f_score,0.655352591079,0.0174594392176,task partition corpus,10000,33844,307790,9998868,30.779,27.9992,True,current,resources/text//ner/-1392564037.txt,/run/media/wolf/KIOXIA/SentencePartitioning/resources/text/ner/-1392564037.txt
ner,lm-lemma,v9,4,f_score,0.652893239954,0.0174594392176,task partition corpus,10000,33844,307790,9998868,30.779,27.9992,True,current,resources/text//ner/-1392563351.txt,/run/media/wolf/KIOXIA/SentencePartitioning/resources/text/ner/-1392563351.txt
ner,lm-lemma,v10,3,f_score,0.645930374244,0.0175048752491,task partition corpus,10000,33842,308208,10023704,30.8208,28.0031,True,current,resources/text//ner/-2079644288.txt,/run/media/wolf/KIOXIA/SentencePartitioning/resources/text/ner/-2079644288.txt
ner,lm-lemma,v11,3,f_score,0.660480324697,0.0175048752491,task partition corpus,10000,33842,308208,10023704,30.8208,28.0031,True,current,resources/text//ner/-1747506257.txt,/run/media/wolf/KIOXIA/SentencePartitioning/resources/text/ner/-1747506257.txt
ner,lm-lemma,v12,3,f_score,0.643569848362,0.0175048752491,task partition corpus,10000,33842,308208,10023704,30.8208,28.0031,True,current,resources/text//ner/1689808136.txt,/run/media/wolf/KIOXIA/SentencePartitioning/resources/text/ner/1689808136.txt
ner,lm-lemma,v13,3,f_score,0.654286535171,0.0175048752491,task partition corpus,10000,33842,308208,10023704,30.8208,28.0031,True,current,resources/text//ner/1363077970.txt,/run/media/wolf/KIOXIA/SentencePartitioning/resources/text/ner/1363077970.txt
ner,lm-lemma,v14,3,f_score,0.645834563578,0.0175048752491,task partition corpus,10000,33842,308208,10023704,30.8208,28.0031,True,current,resources/text//ner/941152357.txt,/run/media/wolf/KIOXIA/SentencePartitioning/resources/text/ner/941152357.txt
ner,lm-lemma,v15,3,f_score,0.645812360986,0.0175048752491,task partition corpus,10000,33842,308208,10023704,30.8208,28.0031,True,current,resources/text//ner/1273290388.txt,/run/media/wolf/KIOXIA/SentencePartitioning/resources/text/ner/1273290388.txt
ner,lm-lemma,v16,3,f_score,0.642653116453,0.0175048752491,task partition corpus,10000,33842,308208,10023704,30.8208,28.0031,True,current,resources/text//ner/415637485.txt,/run/media/wolf/KIOXIA/SentencePartitioning/resources/text/ner/415637485.txt
ner,lm-lemma,v17,3,f_score,0.651666690307,0.0175048752491,task partition corpus,10000,33842,308208,10023704,30.8208,28.0031,True,current,resources/text//ner/88907319.txt,/run/media/wolf/KIOXIA/SentencePartitioning/resources/text/ner/88907319.txt
ner,lm-lemma,v18,3,f_score,0.643738391534,0.0175048752491,task partition corpus,10000,33842,308208,10023704,30.8208,28.0031,True,current,resources/text//ner/2119117743.txt,/run/media/wolf/KIOXIA/SentencePartitioning/resources/text/ner/2119117743.txt
ner,lm-lemma,v19,3,f_score,0.649442590418,0.0175048752491,task partition corpus,10000,33842,308208,10023704,30.8208,28.0031,True,current,resources/text//ner/1261464840.txt,/run/media/wolf/KIOXIA/SentencePartitioning/resources/text/ner/1261464840.txt
ner,lm-lemma,v20,3,f_score,0.63859144247,0.0175048752491,task partition corpus,10000,33842,308208,10023704,30.8208,28.0031,True,current,resources/text//ner/934734674.txt,/run/media/wolf/KIOXIA/SentencePartitioning/resources/text/ner/934734674.txt
ner,lm-lemma,v21,3,f_score,0.652414404749,0.0175048752491,task partition corpus,10000,33842,308208,10023704,30.8208,28.0031,True,current,resources/text//ner/-1782897280.txt,/run/media/wolf/KIOXIA/SentencePartitioning/resources/text/ner/-1782897280.txt
ner,lm-lemma,v22,3,f_score,0.636521590394,0.0175048752491,task partition corpus,10000,33842,308208,10023704,30.8208,28.0031,True,current,resources/text//ner/-1450759249.txt,/run/media/wolf/KIOXIA/SentencePartitioning/resources/text/ner/-1450759249.txt
ner,lm-lemma,v23,3,f_score,0.631716221837,0.0175048752491,task partition corpus,10000,33842,308208,10023704,30.8208,28.0031,True,current,resources/text//ner/1986555144.txt,/run/media/wolf/KIOXIA/SentencePartitioning/resources/text/ner/1986555144.txt
ner,lm-lemma,v24,3,f_score,0.656469688121,0.0175048752491,task partition corpus,10000,33842,308208,10023704,30.8208,28.0031,True,current,resources/text//ner/1659824978.txt,/run/media/wolf/KIOXIA/SentencePartitioning/resources/text/ner/1659824978.txt
ner,lm-lemma,v25,3,f_score,0.647739595622,0.0175048752491,task partition corpus,10000,33842,308208,10023704,30.8208,28.0031,True,current,resources/text//ner/-1189403264.txt,/run/media/wolf/KIOXIA/SentencePartitioning/resources/text/ner/-1189403264.txt
ner,lm-lemma,v26,3,f_score,0.651672003898,0.0175048752491,task partition corpus,10000,33842,308208,10023704,30.8208,28.0031,True,current,resources/text//ner/-857265233.txt,/run/media/wolf/KIOXIA/SentencePartitioning/resources/text/ner/-857265233.txt
ner,lm-lemma,v27,3,f_score,0.649620558827,0.0175048752491,task partition corpus,10000,33842,308208,10023704,30.8208,28.0031,True,current,resources/text//ner/-1714918136.txt,/run/media/wolf/KIOXIA/SentencePartitioning/resources/text/ner/-1714918136.txt
ner,lm-lemma,v28,3,f_score,0.648994039714,0.0175048752491,task partition corpus,10000,33842,308208,10023704,30.8208,28.0031,True,current,resources/text//ner/-2041648302.txt,/run/media/wolf/KIOXIA/SentencePartitioning/resources/text/ner/-2041648302.txt
ner,lm-rank,v1,2,f_score,0.526664107914,0.0327689694206,task partition corpus,10000,28928,360121,13710541,36.0121,32.8172,True,current,resources/text//ner/249431159.txt,/run/media/wolf/KIOXIA/SentencePartitioning/resources/text/ner/249431159.txt
ner,lm-rank,v2,2,f_score,0.493388889287,0.0286591827278,task partition corpus,10000,34158,397249,16718833,39.7249,35.706,True,current,resources/text//ner/249431845.txt,/run/media/wolf/KIOXIA/SentencePartitioning/resources/text/ner/249431845.txt
ner,lm-rank,v3,2,f_score,0.512704939721,0.0229413481732,task partition corpus,10000,38075,396168,16628664,39.6168,35.776,True,current,resources/text//ner/249432531.txt,/run/media/wolf/KIOXIA/SentencePartitioning/resources/text/ner/249432531.txt
ner,lm-rank,v4,3,f_score,0.515935864921,0.0327689694206,task partition corpus,10000,28928,360121,13710541,36.0121,32.8172,True,current,resources/text//ner/249433616.txt,/run/media/wolf/KIOXIA/SentencePartitioning/resources/text/ner/249433616.txt
ner,lm-rank,v5,3,f_score,0.484380090062,0.0294534279581,task partition corpus,10000,34510,406842,17538126,40.6842,36.2086,True,current,resources/text//ner/249434302.txt,/run/media/wolf/KIOXIA/SentencePartitioning/resources/text/ner/249434302.txt
ner,lm-rank,v6,3,f_score,0.512233742633,0.0230652591091,task partition corpus,10000,38834,405105,17391675,40.5105,36.1668,True,current,resources/text//ner/249434988.txt,/run/media/wolf/KIOXIA/SentencePartitioning/resources/text/ner/249434988.txt
ner,lm-rank,v7,4,f_score,0.511715070791,0.0327689694206,task partition corpus,10000,28928,360121,13710541,36.0121,32.8172,True,current,resources/text//ner/249436073.txt,/run/media/wolf/KIOXIA/SentencePartitioning/resources/text/ner/249436073.txt
ner,lm-rank,v8,4,f_score,0.49767680857,0.0302539332031,task partition corpus,10000,35104,419153,18640291,41.9153,36.3562,True,current,resources/text//ner/249436759.txt,/run/media/wolf/KIOXIA/SentencePartitioning/resources/text/ner/249436759.txt
ner,lm-rank,v9,4,f_score,0.509055939065,0.0227430070147,task partition corpus,10000,40116,415310,18299630,41.531,35.9645,True,current,resources/text//ner/249437445.txt,/run/media/wolf/KIOXIA/SentencePartitioning/resources/text/ner/249437445.txt
ner,lm-rank,v10,3,f_score,0.502652446619,0.0327689694206,task partition corpus,10000,28928,360121,13710541,36.0121,32.8172,True,current,resources/text//ner/-437643492.txt,/run/media/wolf/KIOXIA/SentencePartitioning/resources/text/ner/-437643492.txt
ner,lm-rank,v11,3,f_score,0.509035094014,0.0325894371287,task partition corpus,10000,28863,358342,13574216,35.8342,32.6919,True,current,resources/text//ner/-105505461.txt,/run/media/wolf/KIOXIA/SentencePartitioning/resources/text/ner/-105505461.txt
ner,lm-rank,v12,3,f_score,0.478305759205,0.0325925814174,task partition corpus,10000,28900,358814,13610354,35.8814,32.7287,True,current,resources/text//ner/-963158364.txt,/run/media/wolf/KIOXIA/SentencePartitioning/resources/text/ner/-963158364.txt
ner,lm-rank,v13,3,f_score,0.501478619243,0.0325855578802,task partition corpus,10000,28891,358663,13598947,35.8663,32.7165,True,current,resources/text//ner/-1289888530.txt,/run/media/wolf/KIOXIA/SentencePartitioning/resources/text/ner/-1289888530.txt
ner,lm-rank,v14,3,f_score,0.491423798084,0.0304266641227,task partition corpus,10000,33979,407149,17564377,40.7149,36.2185,True,current,resources/text//ner/-1711814143.txt,/run/media/wolf/KIOXIA/SentencePartitioning/resources/text/ner/-1711814143.txt
ner,lm-rank,v15,3,f_score,0.506898448336,0.029686162476,task partition corpus,10000,34297,405909,17459173,40.5909,36.1469,True,current,resources/text//ner/-1379676112.txt,/run/media/wolf/KIOXIA/SentencePartitioning/resources/text/ner/-1379676112.txt
ner,lm-rank,v16,3,f_score,0.515853799628,0.0299379962407,task partition corpus,10000,34181,406253,17488379,40.6253,36.1697,True,current,resources/text//ner/2057638281.txt,/run/media/wolf/KIOXIA/SentencePartitioning/resources/text/ner/2057638281.txt
ner,lm-rank,v17,3,f_score,0.491709780631,0.0300576679245,task partition corpus,10000,34099,406089,17474141,40.6089,36.1588,True,current,resources/text//ner/1730908115.txt,/run/media/wolf/KIOXIA/SentencePartitioning/resources/text/ner/1730908115.txt
ner,lm-rank,v18,3,f_score,0.488015491643,0.0293704361734,task partition corpus,10000,34525,406449,17503915,40.6449,36.1872,True,current,resources/text//ner/-533848757.txt,/run/media/wolf/KIOXIA/SentencePartitioning/resources/text/ner/-533848757.txt
ner,lm-rank,v19,3,f_score,0.486724800581,0.0294004907305,task partition corpus,10000,34514,406527,17510663,40.6527,36.1914,True,current,resources/text//ner/-1391501660.txt,/run/media/wolf/KIOXIA/SentencePartitioning/resources/text/ner/-1391501660.txt
ner,lm-rank,v20,3,f_score,0.478385790616,0.0293986415337,task partition corpus,10000,34513,406503,17508547,40.6503,36.1908,True,current,resources/text//ner/-1718231826.txt,/run/media/wolf/KIOXIA/SentencePartitioning/resources/text/ner/-1718231826.txt
ner,lm-rank,v21,3,f_score,0.476779146141,0.029376498436,task partition corpus,10000,34534,406595,17516657,40.6595,36.1991,True,current,resources/text//ner/-140896484.txt,/run/media/wolf/KIOXIA/SentencePartitioning/resources/text/ner/-140896484.txt
ner,lm-rank,v22,3,f_score,0.488815321129,0.0293376275212,task partition corpus,10000,34534,406327,17493479,40.6327,36.1849,True,current,resources/text//ner/191241547.txt,/run/media/wolf/KIOXIA/SentencePartitioning/resources/text/ner/191241547.txt
ner,lm-rank,v23,3,f_score,0.47768800477,0.029341341243,task partition corpus,10000,34536,406376,17497720,40.6376,36.1879,True,current,resources/text//ner/-666411356.txt,/run/media/wolf/KIOXIA/SentencePartitioning/resources/text/ner/-666411356.txt
ner,lm-rank,v24,3,f_score,0.482751571787,0.0293341603275,task partition corpus,10000,34539,406361,17496477,40.6361,36.1868,True,current,resources/text//ner/-993141522.txt,/run/media/wolf/KIOXIA/SentencePartitioning/resources/text/ner/-993141522.txt
ner,lm-rank,v25,3,f_score,0.491258707796,0.029389237326,task partition corpus,10000,34499,406283,17488749,40.6283,36.1825,True,current,resources/text//ner/452597532.txt,/run/media/wolf/KIOXIA/SentencePartitioning/resources/text/ner/452597532.txt
ner,lm-rank,v26,3,f_score,0.498209212856,0.0293514345275,task partition corpus,10000,34498,406011,17465241,40.6011,36.1678,True,current,resources/text//ner/784735563.txt,/run/media/wolf/KIOXIA/SentencePartitioning/resources/text/ner/784735563.txt
ner,lm-rank,v27,3,f_score,0.517694458776,0.0293574546842,task partition corpus,10000,34499,406064,17469836,40.6064,36.1711,True,current,resources/text//ner/-72917340.txt,/run/media/wolf/KIOXIA/SentencePartitioning/resources/text/ner/-72917340.txt
ner,lm-rank,v28,3,f_score,0.502093585395,0.0293515928335,task partition corpus,10000,34501,406047,17468373,40.6047,36.17,True,current,resources/text//ner/-399647506.txt,/run/media/wolf/KIOXIA/SentencePartitioning/resources/text/ner/-399647506.txt
ner,lm-skip,v1,2,f_score,0.664318780156,0.025761693604,task partition corpus,10000,29254,323297,11023007,32.3297,29.9152,True,current,resources/text//ner/249470410.txt,/run/media/wolf/KIOXIA/SentencePartitioning/resources/text/ner/249470410.txt
ner,lm-skip,v2,2,f_score,0.565077130761,0.09717623322,task partition corpus,10000,22867,490942,25405600,49.0942,43.264,True,current,resources/text//ner/249471096.txt,/run/media/wolf/KIOXIA/SentencePartitioning/resources/text/ner/249471096.txt
ner,lm-skip,v3,2,f_score,0.524024298217,0.117256836501,task partition corpus,10000,22754,536122,30353208,53.6122,44.6892,True,current,resources/text//ner/249471782.txt,/run/media/wolf/KIOXIA/SentencePartitioning/resources/text/ner/249471782.txt
ner,lm-skip,v4,3,f_score,0.658626980993,0.025761693604,task partition corpus,10000,29254,323297,11023007,32.3297,29.9152,True,current,resources/text//ner/249472867.txt,/run/media/wolf/KIOXIA/SentencePartitioning/resources/text/ner/249472867.txt
ner,lm-skip,v5,3,f_score,0.584255376006,0.09717623322,task partition corpus,10000,22867,490942,25405600,49.0942,43.264,True,current,resources/text//ner/249473553.txt,/run/media/wolf/KIOXIA/SentencePartitioning/resources/text/ner/249473553.txt
ner,lm-skip,v6,3,f_score,0.537100290461,0.117256836501,task partition corpus,10000,22754,536122,30353208,53.6122,44.6892,True,current,resources/text//ner/249474239.txt,/run/media/wolf/KIOXIA/SentencePartitioning/resources/text/ner/249474239.txt
ner,lm-skip,v7,4,f_score,0.66986246136,0.025761693604,task partition corpus,10000,29254,323297,11023007,32.3297,29.9152,True,current,resources/text//ner/249475324.txt,/run/media/wolf/KIOXIA/SentencePartitioning/resources/text/ner/249475324.txt
ner,lm-skip,v8,4,f_score,0.573470612969,0.09717623322,task partition corpus,10000,22867,490942,25405600,49.0942,43.264,True,current,resources/text//ner/249476010.txt,/run/media/wolf/KIOXIA/SentencePartitioning/resources/text/ner/249476010.txt
ner,lm-skip,v9,4,f_score,0.542218730428,0.117256836501,task partition corpus,10000,22754,536122,30353208,53.6122,44.6892,True,current,resources/text//ner/249476696.txt,/run/media/wolf/KIOXIA/SentencePartitioning/resources/text/ner/249476696.txt
ner,lm-subword,v1,2,f_score,0.591842782176,0.00726988401306,task partition corpus,10000,47247,274519,8114033,27.4519,25.4695,True,current,resources/text//ner/74555517.txt,/run/media/wolf/KIOXIA/SentencePartitioning/resources/text/ner/74555517.txt
ner,lm-subword,v2,2,f_score,0.571039239604,0.0231575152657,task partition corpus,10000,39608,411221,18164223,41.1221,37.176,True,current,resources/text//ner/74556203.txt,/run/media/wolf/KIOXIA/SentencePartitioning/resources/text/ner/74556203.txt
ner,lm-subword,v3,2,f_score,0.520242466144,0.0259964913219,task partition corpus,10000,40578,447719,21402047,44.7719,39.5421,True,current,resources/text//ner/74556889.txt,/run/media/wolf/KIOXIA/SentencePartitioning/resources/text/ner/74556889.txt
ner,lm-subword,v4,3,f_score,0.533782056479,0.0120942456223,task partition corpus,10000,43993,323835,11703239,32.3835,28.5998,True,current,resources/text//ner/74557974.txt,/run/media/wolf/KIOXIA/SentencePartitioning/resources/text/ner/74557974.txt
ner,lm-subword,v5,3,f_score,0.559434754548,0.0230775752488,task partition corpus,10000,39731,411778,18214122,41.1778,37.1812,True,current,resources/text//ner/74558660.txt,/run/media/wolf/KIOXIA/SentencePartitioning/resources/text/ner/74558660.txt
ner,lm-subword,v6,3,f_score,0.557017063095,0.0260346103326,task partition corpus,10000,40582,448151,21437655,44.8151,39.5627,True,current,resources/text//ner/74559346.txt,/run/media/wolf/KIOXIA/SentencePartitioning/resources/text/ner/74559346.txt
ner,lm-subword,v7,4,f_score,0.545935691499,0.0120942456223,task partition corpus,10000,43993,323835,11703239,32.3835,28.5998,True,current,resources/text//ner/74560431.txt,/run/media/wolf/KIOXIA/SentencePartitioning/resources/text/ner/74560431.txt
ner,lm-subword,v8,4,f_score,0.560875006391,0.0225879781278,task partition corpus,10000,40073,410893,18135947,41.0893,37.1323,True,current,resources/text//ner/74561117.txt,/run/media/wolf/KIOXIA/SentencePartitioning/resources/text/ner/74561117.txt
ner,lm-subword,v9,4,f_score,0.532700465551,0.0262711585351,task partition corpus,10000,40395,448044,21433530,44.8044,39.5729,True,current,resources/text//ner/74561803.txt,/run/media/wolf/KIOXIA/SentencePartitioning/resources/text/ner/74561803.txt
ner,lm-subword,v10,3,f_score,0.561357150244,0.0230463623279,task partition corpus,10000,39687,411069,18149221,41.1069,37.1619,True,current,resources/text//ner/113265181.txt,/run/media/wolf/KIOXIA/SentencePartitioning/resources/text/ner/113265181.txt
ner,lm-subword,v11,3,f_score,0.552080256486,0.0231241658663,task partition corpus,10000,39679,411665,18203151,41.1665,37.2024,True,current,resources/text//ner/117382896.txt,/run/media/wolf/KIOXIA/SentencePartitioning/resources/text/ner/117382896.txt
ner,lm-subword,v12,3,f_score,0.571701686345,0.0229660108409,task partition corpus,10000,39802,411561,18190911,41.1561,37.2014,True,current,resources/text//ner/125618326.txt,/run/media/wolf/KIOXIA/SentencePartitioning/resources/text/ner/125618326.txt
ner,lm-syllable,v1,2,f_score,0.675506713064,0.00500620840226,task partition corpus,10000,49523,240516,6138808,24.0516,22.4175,True,current,resources/text//ner/1312390923.txt,/run/media/wolf/KIOXIA/SentencePartitioning/resources/text/ner/1312390923.txt
ner,lm-syllable,v2,2,f_score,0.540800659747,0.0313440754306,task partition corpus,10000,31151,378945,15207419,37.8945,34.6961,True,current,resources/text//ner/1312391609.txt,/run/media/wolf/KIOXIA/SentencePartitioning/resources/text/ner/1312391609.txt
ner,lm-syllable,v3,2,f_score,0.554074479444,0.0478545462112,task partition corpus,10000,27993,420966,18748934,42.0966,38.0475,True,current,resources/text//ner/1312392295.txt,/run/media/wolf/KIOXIA/SentencePartitioning/resources/text/ner/1312392295.txt
ner,lm-syllable,v4,3,f_score,0.679995392641,0.00500620840226,task partition corpus,10000,49523,240516,6138808,24.0516,22.4175,True,current,resources/text//ner/1312393380.txt,/run/media/wolf/KIOXIA/SentencePartitioning/resources/text/ner/1312393380.txt
ner,lm-syllable,v5,3,f_score,0.531074996221,0.0314107541918,task partition corpus,10000,31124,379021,15213363,37.9021,34.7007,True,current,resources/text//ner/1312394066.txt,/run/media/wolf/KIOXIA/SentencePartitioning/resources/text/ner/1312394066.txt
ner,lm-syllable,v6,3,f_score,0.557448721463,0.0479252804799,task partition corpus,10000,27979,421072,18757870,42.1072,38.0554,True,current,resources/text//ner/1312394752.txt,/run/media/wolf/KIOXIA/SentencePartitioning/resources/text/ner/1312394752.txt
ner,lm-syllable,v7,4,f_score,0.682858516552,0.00500620840226,task partition corpus,10000,49523,240516,6138808,24.0516,22.4175,True,current,resources/text//ner/1312395837.txt,/run/media/wolf/KIOXIA/SentencePartitioning/resources/text/ner/1312395837.txt
ner,lm-syllable,v8,4,f_score,0.536667476637,0.0314010905801,task partition corpus,10000,31130,379037,15214547,37.9037,34.7033,True,current,resources/text//ner/1312396523.txt,/run/media/wolf/KIOXIA/SentencePartitioning/resources/text/ner/1312396523.txt
ner,lm-syllable,v9,4,f_score,0.549904938564,0.0479219703724,task partition corpus,10000,27982,421103,18760597,42.1103,38.0582,True,current,resources/text//ner/1312397209.txt,/run/media/wolf/KIOXIA/SentencePartitioning/resources/text/ner/1312397209.txt
ner,lm-word,v1,10,f_score,0.126547199986,0.00368888049578,task partition corpus,10000,53289,222075,5237591,22.2075,20.6655,True,current,resources/text//ner/249640291.txt,/run/media/wolf/KIOXIA/SentencePartitioning/resources/text/ner/249640291.txt
pos,frequent-ngram,v1,2,f_score,0.477612098845,0.00477536658915,task partition corpus,10000,35617,159474,3028860,15.9474,15.084,True,current,resources/text//pos/175838085.txt,/run/media/wolf/KIOXIA/SentencePartitioning/resources/text/pos/175838085.txt
pos,frequent-ngram,v2,2,f_score,0.481695088984,0.00477536658915,task partition corpus,10000,35617,159474,3028860,15.9474,15.084,True,current,resources/text//pos/175838771.txt,/run/media/wolf/KIOXIA/SentencePartitioning/resources/text/pos/175838771.txt
pos,frequent-ngram,v3,2,f_score,0.462311014517,0.00477536658915,task partition corpus,10000,35617,159474,3028860,15.9474,15.084,True,current,resources/text//pos/175839457.txt,/run/media/wolf/KIOXIA/SentencePartitioning/resources/text/pos/175839457.txt
pos,frequent-ngram,v4,3,f_score,0.473342906409,0.00477536658915,task partition corpus,10000,35617,159474,3028860,15.9474,15.084,True,current,resources/text//pos/175840542.txt,/run/media/wolf/KIOXIA/SentencePartitioning/resources/text/pos/175840542.txt
pos,frequent-ngram,v5,3,f_score,0.477751271798,0.00477536658915,task partition corpus,10000,35617,159474,3028860,15.9474,15.084,True,current,resources/text//pos/175841228.txt,/run/media/wolf/KIOXIA/SentencePartitioning/resources/text/pos/175841228.txt
pos,frequent-ngram,v6,3,f_score,0.462524339047,0.00477536658915,task partition corpus,10000,35617,159474,3028860,15.9474,15.084,True,current,resources/text//pos/175841914.txt,/run/media/wolf/KIOXIA/SentencePartitioning/resources/text/pos/175841914.txt
pos,frequent-ngram,v7,4,f_score,0.473224762494,0.00477536658915,task partition corpus,10000,35617,159474,3028860,15.9474,15.084,True,current,resources/text//pos/175842999.txt,/run/media/wolf/KIOXIA/SentencePartitioning/resources/text/pos/175842999.txt
pos,frequent-ngram,v8,4,f_score,0.46045343375,0.00477536658915,task partition corpus,10000,35617,159474,3028860,15.9474,15.084,True,current,resources/text//pos/175843685.txt,/run/media/wolf/KIOXIA/SentencePartitioning/resources/text/pos/175843685.txt
pos,frequent-ngram,v9,4,f_score,0.471494022881,0.00477536658915,task partition corpus,10000,35617,159474,3028860,15.9474,15.084,True,current,resources/text//pos/175844371.txt,/run/media/wolf/KIOXIA/SentencePartitioning/resources/text/pos/175844371.txt
pos,lm-lemma,v1,2,f_score,0.627157704201,0.022002068395,task partition corpus,10000,22933,221027,5785439,22.1027,20.3928,True,current,resources/text//pos/-1392569637.txt,/run/media/wolf/KIOXIA/SentencePartitioning/resources/text/pos/-1392569637.txt
pos,lm-lemma,v2,2,f_score,0.62796583431,0.022002068395,task partition corpus,10000,22933,221027,5785439,22.1027,20.3928,True,current,resources/text//pos/-1392568951.txt,/run/media/wolf/KIOXIA/SentencePartitioning/resources/text/pos/-1392568951.txt
pos,lm-lemma,v3,2,f_score,0.634811551875,0.022002068395,task partition corpus,10000,22933,221027,5785439,22.1027,20.3928,True,current,resources/text//pos/-1392568265.txt,/run/media/wolf/KIOXIA/SentencePartitioning/resources/text/pos/-1392568265.txt
pos,lm-lemma,v4,3,f_score,0.623650448134,0.0219427518836,task partition corpus,10000,22928,220616,5767326,22.0616,20.3724,True,current,resources/text//pos/-1392567180.txt,/run/media/wolf/KIOXIA/SentencePartitioning/resources/text/pos/-1392567180.txt
pos,lm-lemma,v5,3,f_score,0.614352667601,0.0219427518836,task partition corpus,10000,22928,220616,5767326,22.0616,20.3724,True,current,resources/text//pos/-1392566494.txt,/run/media/wolf/KIOXIA/SentencePartitioning/resources/text/pos/-1392566494.txt
pos,lm-lemma,v6,3,f_score,0.61872710465,0.0219427518836,task partition corpus,10000,22928,220616,5767326,22.0616,20.3724,True,current,resources/text//pos/-1392565808.txt,/run/media/wolf/KIOXIA/SentencePartitioning/resources/text/pos/-1392565808.txt
pos,lm-lemma,v7,4,f_score,0.630792918673,0.0218876380947,task partition corpus,10000,22929,220272,5753342,22.0272,20.3707,True,current,resources/text//pos/-1392564723.txt,/run/media/wolf/KIOXIA/SentencePartitioning/resources/text/pos/-1392564723.txt
pos,lm-lemma,v8,4,f_score,0.645612056817,0.0218876380947,task partition corpus,10000,22929,220272,5753342,22.0272,20.3707,True,current,resources/text//pos/-1392564037.txt,/run/media/wolf/KIOXIA/SentencePartitioning/resources/text/pos/-1392564037.txt
pos,lm-lemma,v9,4,f_score,0.616656603597,0.0218876380947,task partition corpus,10000,22929,220272,5753342,22.0272,20.3707,True,current,resources/text//pos/-1392563351.txt,/run/media/wolf/KIOXIA/SentencePartitioning/resources/text/pos/-1392563351.txt
pos,lm-lemma,v10,3,f_score,0.621752456097,0.0219427518836,task partition corpus,10000,22928,220616,5767326,22.0616,20.3724,True,current,resources/text//pos/-2079644288.txt,/run/media/wolf/KIOXIA/SentencePartitioning/resources/text/pos/-2079644288.txt
pos,lm-lemma,v11,3,f_score,0.627610908089,0.0219427518836,task partition corpus,10000,22928,220616,5767326,22.0616,20.3724,True,current,resources/text//pos/-1747506257.txt,/run/media/wolf/KIOXIA/SentencePartitioning/resources/text/pos/-1747506257.txt
pos,lm-lemma,v12,3,f_score,0.62207732245,0.0219427518836,task partition corpus,10000,22928,220616,5767326,22.0616,20.3724,True,current,resources/text//pos/1689808136.txt,/run/media/wolf/KIOXIA/SentencePartitioning/resources/text/pos/1689808136.txt
pos,lm-lemma,v13,3,f_score,0.621366946834,0.0219427518836,task partition corpus,10000,22928,220616,5767326,22.0616,20.3724,True,current,resources/text//pos/1363077970.txt,/run/media/wolf/KIOXIA/SentencePartitioning/resources/text/pos/1363077970.txt
pos,lm-lemma,v14,3,f_score,0.617064423602,0.0219427518836,task partition corpus,10000,22928,220616,5767326,22.0616,20.3724,True,current,resources/text//pos/941152357.txt,/run/media/wolf/KIOXIA/SentencePartitioning/resources/text/pos/941152357.txt
pos,lm-lemma,v15,3,f_score,0.618802637214,0.0219427518836,task partition corpus,10000,22928,220616,5767326,22.0616,20.3724,True,current,resources/text//pos/1273290388.txt,/run/media/wolf/KIOXIA/SentencePartitioning/resources/text/pos/1273290388.txt
pos,lm-lemma,v16,3,f_score,0.634760901784,0.0219427518836,task partition corpus,10000,22928,220616,5767326,22.0616,20.3724,True,current,resources/text//pos/415637485.txt,/run/media/wolf/KIOXIA/SentencePartitioning/resources/text/pos/415637485.txt
pos,lm-lemma,v17,3,f_score,0.635365215101,0.0219427518836,task partition corpus,10000,22928,220616,5767326,22.0616,20.3724,True,current,resources/text//pos/88907319.txt,/run/media/wolf/KIOXIA/SentencePartitioning/resources/text/pos/88907319.txt
pos,lm-lemma,v18,3,f_score,0.614235593855,0.0219427518836,task partition corpus,10000,22928,220616,5767326,22.0616,20.3724,True,current,resources/text//pos/2119117743.txt,/run/media/wolf/KIOXIA/SentencePartitioning/resources/text/pos/2119117743.txt
pos,lm-lemma,v19,3,f_score,0.626998478388,0.0219427518836,task partition corpus,10000,22928,220616,5767326,22.0616,20.3724,True,current,resources/text//pos/1261464840.txt,/run/media/wolf/KIOXIA/SentencePartitioning/resources/text/pos/1261464840.txt
pos,lm-lemma,v20,3,f_score,0.625807333129,0.0219427518836,task partition corpus,10000,22928,220616,5767326,22.0616,20.3724,True,current,resources/text//pos/934734674.txt,/run/media/wolf/KIOXIA/SentencePartitioning/resources/text/pos/934734674.txt
pos,lm-lemma,v21,3,f_score,0.622749591213,0.0219427518836,task partition corpus,10000,22928,220616,5767326,22.0616,20.3724,True,current,resources/text//pos/-1782897280.txt,/run/media/wolf/KIOXIA/SentencePartitioning/resources/text/pos/-1782897280.txt
pos,lm-lemma,v22,3,f_score,0.631395523924,0.0219427518836,task partition corpus,10000,22928,220616,5767326,22.0616,20.3724,True,current,resources/text//pos/-1450759249.txt,/run/media/wolf/KIOXIA/SentencePartitioning/resources/text/pos/-1450759249.txt
pos,lm-lemma,v23,3,f_score,0.630219428366,0.0219427518836,task partition corpus,10000,22928,220616,5767326,22.0616,20.3724,True,current,resources/text//pos/1986555144.txt,/run/media/wolf/KIOXIA/SentencePartitioning/resources/text/pos/1986555144.txt
pos,lm-lemma,v24,3,f_score,0.623449717906,0.0219427518836,task partition corpus,10000,22928,220616,5767326,22.0616,20.3724,True,current,resources/text//pos/1659824978.txt,/run/media/wolf/KIOXIA/SentencePartitioning/resources/text/pos/1659824978.txt
pos,lm-lemma,v25,3,f_score,0.621703352085,0.0219427518836,task partition corpus,10000,22928,220616,5767326,22.0616,20.3724,True,current,resources/text//pos/-1189403264.txt,/run/media/wolf/KIOXIA/SentencePartitioning/resources/text/pos/-1189403264.txt
pos,lm-lemma,v26,3,f_score,0.630274540679,0.0219427518836,task partition corpus,10000,22928,220616,5767326,22.0616,20.3724,True,current,resources/text//pos/-857265233.txt,/run/media/wolf/KIOXIA/SentencePartitioning/resources/text/pos/-857265233.txt
pos,lm-lemma,v27,3,f_score,0.623565057377,0.0219427518836,task partition corpus,10000,22928,220616,5767326,22.0616,20.3724,True,current,resources/text//pos/-1714918136.txt,/run/media/wolf/KIOXIA/SentencePartitioning/resources/text/pos/-1714918136.txt
pos,lm-lemma,v28,3,f_score,0.629393979201,0.0219427518836,task partition corpus,10000,22928,220616,5767326,22.0616,20.3724,True,current,resources/text//pos/-2041648302.txt,/run/media/wolf/KIOXIA/SentencePartitioning/resources/text/pos/-2041648302.txt
pos,lm-rank,v1,2,f_score,0.625917297739,0.0740649901427,task partition corpus,10000,15464,273564,8855204,27.3564,25.2994,True,current,resources/text//pos/249431159.txt,/run/media/wolf/KIOXIA/SentencePartitioning/resources/text/pos/249431159.txt
pos,lm-rank,v2,2,f_score,0.558885953104,0.0536683877012,task partition corpus,10000,20478,308075,11252329,30.8075,28.058,True,current,resources/text//pos/249431845.txt,/run/media/wolf/KIOXIA/SentencePartitioning/resources/text/pos/249431845.txt
pos,lm-rank,v3,2,f_score,0.580311941796,0.0386803116147,task partition corpus,10000,24027,306610,11164544,30.661,28.1005,True,current,resources/text//pos/249432531.txt,/run/media/wolf/KIOXIA/SentencePartitioning/resources/text/pos/249432531.txt
pos,lm-rank,v4,3,f_score,0.620503946055,0.0766999310667,task partition corpus,10000,15493,278715,9204665,27.8715,25.6399,True,current,resources/text//pos/249433616.txt,/run/media/wolf/KIOXIA/SentencePartitioning/resources/text/pos/249433616.txt
pos,lm-rank,v5,3,f_score,0.576451657846,0.058350370082,task partition corpus,10000,20472,320758,12226804,32.0758,28.7444,True,current,resources/text//pos/249434302.txt,/run/media/wolf/KIOXIA/SentencePartitioning/resources/text/pos/249434302.txt
pos,lm-rank,v6,3,f_score,0.563856108797,0.0416224041755,task partition corpus,10000,24161,319394,12148118,31.9394,28.7298,True,current,resources/text//pos/249434988.txt,/run/media/wolf/KIOXIA/SentencePartitioning/resources/text/pos/249434988.txt
pos,lm-rank,v7,4,f_score,0.610426200989,0.0766999310667,task partition corpus,10000,15493,278715,9204665,27.8715,25.6399,True,current,resources/text//pos/249436073.txt,/run/media/wolf/KIOXIA/SentencePartitioning/resources/text/pos/249436073.txt
pos,lm-rank,v8,4,f_score,0.58628246785,0.0585018207077,task partition corpus,10000,21145,331104,13077786,33.1104,28.779,True,current,resources/text//pos/249436759.txt,/run/media/wolf/KIOXIA/SentencePartitioning/resources/text/pos/249436759.txt
pos,lm-rank,v9,4,f_score,0.572337337413,0.0404449495894,task partition corpus,10000,25201,327856,12842590,32.7856,28.4137,True,current,resources/text//pos/249437445.txt,/run/media/wolf/KIOXIA/SentencePartitioning/resources/text/pos/249437445.txt
pos,lm-rank,v10,3,f_score,0.549461340394,0.0766999310667,task partition corpus,10000,15493,278715,9204665,27.8715,25.6399,True,current,resources/text//pos/-437643492.txt,/run/media/wolf/KIOXIA/SentencePartitioning/resources/text/pos/-437643492.txt
pos,lm-rank,v11,3,f_score,0.555681385536,0.0758447603508,task partition corpus,10000,15456,276573,9058613,27.6573,25.4903,True,current,resources/text//pos/-105505461.txt,/run/media/wolf/KIOXIA/SentencePartitioning/resources/text/pos/-105505461.txt
pos,lm-rank,v12,3,f_score,0.566907891418,0.0760633199303,task partition corpus,10000,15475,277287,9107067,27.7287,25.5454,True,current,resources/text//pos/-963158364.txt,/run/media/wolf/KIOXIA/SentencePartitioning/resources/text/pos/-963158364.txt
pos,lm-rank,v13,3,f_score,0.537113461547,0.0759629572215,task partition corpus,10000,15469,277007,9087999,27.7007,25.5235,True,current,resources/text//pos/-1289888530.txt,/run/media/wolf/KIOXIA/SentencePartitioning/resources/text/pos/-1289888530.txt
pos,lm-rank,v14,3,f_score,0.57751722434,0.0611951085939,task partition corpus,10000,20023,321263,12266575,32.1263,28.7801,True,current,resources/text//pos/-1711814143.txt,/run/media/wolf/KIOXIA/SentencePartitioning/resources/text/pos/-1711814143.txt
pos,lm-rank,v15,3,f_score,0.585043817592,0.0589037982862,task partition corpus,10000,20333,319996,12175726,31.9996,28.6988,True,current,resources/text//pos/-1379676112.txt,/run/media/wolf/KIOXIA/SentencePartitioning/resources/text/pos/-1379676112.txt
pos,lm-rank,v16,3,f_score,0.591719585683,0.0596804763349,task partition corpus,10000,20221,320339,12200737,32.0339,28.7209,True,current,resources/text//pos/2057638281.txt,/run/media/wolf/KIOXIA/SentencePartitioning/resources/text/pos/2057638281.txt
pos,lm-rank,v17,3,f_score,0.593328278128,0.0600447908662,task partition corpus,10000,20158,320318,12198844,32.0318,28.7244,True,current,resources/text//pos/1730908115.txt,/run/media/wolf/KIOXIA/SentencePartitioning/resources/text/pos/1730908115.txt
pos,lm-rank,v18,3,f_score,0.571600883763,0.0581113822434,task partition corpus,10000,20496,320438,12205294,32.0438,28.7253,True,current,resources/text//pos/-533848757.txt,/run/media/wolf/KIOXIA/SentencePartitioning/resources/text/pos/-533848757.txt
pos,lm-rank,v19,3,f_score,0.59117293645,0.058159987958,task partition corpus,10000,20493,320531,12211927,32.0531,28.7316,True,current,resources/text//pos/-1391501660.txt,/run/media/wolf/KIOXIA/SentencePartitioning/resources/text/pos/-1391501660.txt
pos,lm-rank,v20,3,f_score,0.578677736953,0.0581963867476,task partition corpus,10000,20486,320519,12211223,32.0519,28.7303,True,current,resources/text//pos/-1718231826.txt,/run/media/wolf/KIOXIA/SentencePartitioning/resources/text/pos/-1718231826.txt
pos,lm-rank,v21,3,f_score,0.577856224532,0.0580721582995,task partition corpus,10000,20505,320482,12207770,32.0482,28.7344,True,current,resources/text//pos/-140896484.txt,/run/media/wolf/KIOXIA/SentencePartitioning/resources/text/pos/-140896484.txt
pos,lm-rank,v22,3,f_score,0.575048127814,0.057975080642,task partition corpus,10000,20515,320365,12199253,32.0365,28.7265,True,current,resources/text//pos/191241547.txt,/run/media/wolf/KIOXIA/SentencePartitioning/resources/text/pos/191241547.txt
pos,lm-rank,v23,3,f_score,0.581603722074,0.0580215856525,task partition corpus,10000,20510,320416,12203088,32.0416,28.731,True,current,resources/text//pos/-666411356.txt,/run/media/wolf/KIOXIA/SentencePartitioning/resources/text/pos/-666411356.txt
pos,lm-rank,v24,3,f_score,0.572029928566,0.0580050754319,task partition corpus,10000,20512,320407,12201995,32.0407,28.7294,True,current,resources/text//pos/-993141522.txt,/run/media/wolf/KIOXIA/SentencePartitioning/resources/text/pos/-993141522.txt
pos,lm-rank,v25,3,f_score,0.57682581829,0.057760624089,task partition corpus,10000,20530,320013,12171907,32.0013,28.7199,True,current,resources/text//pos/452597532.txt,/run/media/wolf/KIOXIA/SentencePartitioning/resources/text/pos/452597532.txt
pos,lm-rank,v26,3,f_score,0.585847758363,0.0577205773125,task partition corpus,10000,20532,319938,12165838,31.9938,28.7142,True,current,resources/text//pos/784735563.txt,/run/media/wolf/KIOXIA/SentencePartitioning/resources/text/pos/784735563.txt
pos,lm-rank,v27,3,f_score,0.565806566588,0.0577595584334,task partition corpus,10000,20528,319979,12169311,31.9979,28.7177,True,current,resources/text//pos/-72917340.txt,/run/media/wolf/KIOXIA/SentencePartitioning/resources/text/pos/-72917340.txt
pos,lm-rank,v28,3,f_score,0.570471129418,0.0577389737444,task partition corpus,10000,20531,319970,12168530,31.997,28.7168,True,current,resources/text//pos/-399647506.txt,/run/media/wolf/KIOXIA/SentencePartitioning/resources/text/pos/-399647506.txt
pos,lm-skip,v1,2,f_score,0.88445807771,0.0359837963783,task partition corpus,10000,18400,226546,6091006,22.6546,21.289,False,legacy-missing-precision-recall,resources/text//pos/249470410.txt,/run/media/wolf/KIOXIA/SentencePartitioning/resources/text/pos/249470410.txt
pos,lm-skip,v2,2,f_score,0.848670756646,0.148327717552,task partition corpus,10000,14066,351693,14672451,35.1693,31.6908,False,legacy-missing-precision-recall,resources/text//pos/249471096.txt,/run/media/wolf/KIOXIA/SentencePartitioning/resources/text/pos/249471096.txt
pos,lm-skip,v3,2,f_score,0.843251533742,0.174743964282,task partition corpus,10000,14236,385709,17705885,38.5709,32.9716,False,legacy-missing-precision-recall,resources/text//pos/249471782.txt,/run/media/wolf/KIOXIA/SentencePartitioning/resources/text/pos/249471782.txt
pos,lm-skip,v4,3,f_score,0.882770961145,0.0359837963783,task partition corpus,10000,18400,226546,6091006,22.6546,21.289,False,legacy-missing-precision-recall,resources/text//pos/249472867.txt,/run/media/wolf/KIOXIA/SentencePartitioning/resources/text/pos/249472867.txt
pos,lm-skip,v5,3,f_score,0.852505112474,0.148327717552,task partition corpus,10000,14066,351693,14672451,35.1693,31.6908,False,legacy-missing-precision-recall,resources/text//pos/249473553.txt,/run/media/wolf/KIOXIA/SentencePartitioning/resources/text/pos/249473553.txt
pos,lm-skip,v6,3,f_score,0.841513292434,0.174743964282,task partition corpus,10000,14236,385709,17705885,38.5709,32.9716,False,legacy-missing-precision-recall,resources/text//pos/249474239.txt,/run/media/wolf/KIOXIA/SentencePartitioning/resources/text/pos/249474239.txt
pos,lm-skip,v7,4,f_score,0.882770961145,0.0359837963783,task partition corpus,10000,18400,226546,6091006,22.6546,21.289,False,legacy-missing-precision-recall,resources/text//pos/249475324.txt,/run/media/wolf/KIOXIA/SentencePartitioning/resources/text/pos/249475324.txt
pos,lm-skip,v8,4,f_score,0.851226993865,0.148327717552,task partition corpus,10000,14066,351693,14672451,35.1693,31.6908,False,legacy-missing-precision-recall,resources/text//pos/249476010.txt,/run/media/wolf/KIOXIA/SentencePartitioning/resources/text/pos/249476010.txt
pos,lm-skip,v9,4,f_score,0.842382413088,0.174743964282,task partition corpus,10000,14236,385709,17705885,38.5709,32.9716,False,legacy-missing-precision-recall,resources/text//pos/249476696.txt,/run/media/wolf/KIOXIA/SentencePartitioning/resources/text/pos/249476696.txt
pos,lm-subword,v1,2,f_score,0.634550831954,0.00500826098772,task partition corpus,10000,35788,164259,3207153,16.4259,15.5501,True,current,resources/text//pos/74555517.txt,/run/media/wolf/KIOXIA/SentencePartitioning/resources/text/pos/74555517.txt
pos,lm-subword,v2,2,f_score,0.576961100226,0.0155854595313,task partition corpus,10000,31716,256208,7838496,25.6208,24.3126,True,current,resources/text//pos/74556203.txt,/run/media/wolf/KIOXIA/SentencePartitioning/resources/text/pos/74556203.txt
pos,lm-subword,v3,2,f_score,0.567348943178,0.0212000343661,task partition corpus,10000,31277,294423,10369143,29.4423,27.1282,True,current,resources/text//pos/74556889.txt,/run/media/wolf/KIOXIA/SentencePartitioning/resources/text/pos/74556889.txt
pos,lm-subword,v4,3,f_score,0.642949544215,0.00500826098772,task partition corpus,10000,35788,164259,3207153,16.4259,15.5501,True,current,resources/text//pos/74557974.txt,/run/media/wolf/KIOXIA/SentencePartitioning/resources/text/pos/74557974.txt
pos,lm-subword,v5,3,f_score,0.601629936465,0.015584706533,task partition corpus,10000,31686,255798,7823296,25.5798,24.277,True,current,resources/text//pos/74558660.txt,/run/media/wolf/KIOXIA/SentencePartitioning/resources/text/pos/74558660.txt
pos,lm-subword,v6,3,f_score,0.561974289568,0.0213916254831,task partition corpus,10000,31156,294631,10382053,29.4631,27.1573,True,current,resources/text//pos/74559346.txt,/run/media/wolf/KIOXIA/SentencePartitioning/resources/text/pos/74559346.txt
pos,lm-subword,v7,4,f_score,0.629795639636,0.00500826098772,task partition corpus,10000,35788,164259,3207153,16.4259,15.5501,True,current,resources/text//pos/74560431.txt,/run/media/wolf/KIOXIA/SentencePartitioning/resources/text/pos/74560431.txt
pos,lm-subword,v8,4,f_score,0.599811409733,0.0156387481624,task partition corpus,10000,31644,256024,7829626,25.6024,24.2995,True,current,resources/text//pos/74561117.txt,/run/media/wolf/KIOXIA/SentencePartitioning/resources/text/pos/74561117.txt
pos,lm-subword,v9,4,f_score,0.574424966335,0.0213218216595,task partition corpus,10000,31198,294546,10376094,29.4546,27.1374,True,current,resources/text//pos/74561803.txt,/run/media/wolf/KIOXIA/SentencePartitioning/resources/text/pos/74561803.txt
pos,lm-subword,v10,3,f_score,0.581259919728,0.0154602752474,task partition corpus,10000,31772,255499,7803019,25.5499,24.2518,True,current,resources/text//pos/113265181.txt,/run/media/wolf/KIOXIA/SentencePartitioning/resources/text/pos/113265181.txt
pos,lm-subword,v11,3,f_score,0.591098404551,0.0154113434946,task partition corpus,10000,31820,255611,7801843,25.5611,24.2755,True,current,resources/text//pos/117382896.txt,/run/media/wolf/KIOXIA/SentencePartitioning/resources/text/pos/117382896.txt
pos,lm-subword,v12,3,f_score,0.578881091135,0.0156070347394,task partition corpus,10000,31649,255784,7816218,25.5784,24.2674,True,current,resources/text//pos/125618326.txt,/run/media/wolf/KIOXIA/SentencePartitioning/resources/text/pos/125618326.txt
pos,lm-syllable,v1,2,f_score,0.633459738006,0.00638864881336,task partition corpus,10000,33146,171416,3509362,17.1416,16.2277,True,current,resources/text//pos/1312390923.txt,/run/media/wolf/KIOXIA/SentencePartitioning/resources/text/pos/1312390923.txt
pos,lm-syllable,v2,2,f_score,0.572479555443,0.0449277733956,task partition corpus,10000,20022,274562,9004884,27.4562,25.5048,True,current,resources/text//pos/1312391609.txt,/run/media/wolf/KIOXIA/SentencePartitioning/resources/text/pos/1312391609.txt
pos,lm-syllable,v3,2,f_score,0.586891632977,0.0651916201719,task partition corpus,10000,18337,303009,10959599,30.3009,27.796,True,current,resources/text//pos/1312392295.txt,/run/media/wolf/KIOXIA/SentencePartitioning/resources/text/pos/1312392295.txt
pos,lm-syllable,v4,3,f_score,0.62937028846,0.00638864881336,task partition corpus,10000,33146,171416,3509362,17.1416,16.2277,True,current,resources/text//pos/1312393380.txt,/run/media/wolf/KIOXIA/SentencePartitioning/resources/text/pos/1312393380.txt
pos,lm-syllable,v5,3,f_score,0.566345761661,0.0449389862847,task partition corpus,10000,20020,274570,9005332,27.457,25.5045,True,current,resources/text//pos/1312394066.txt,/run/media/wolf/KIOXIA/SentencePartitioning/resources/text/pos/1312394066.txt
pos,lm-syllable,v6,3,f_score,0.568616410635,0.0649694889587,task partition corpus,10000,18369,303021,10960411,30.3021,27.8034,True,current,resources/text//pos/1312394752.txt,/run/media/wolf/KIOXIA/SentencePartitioning/resources/text/pos/1312394752.txt
pos,lm-syllable,v7,4,f_score,0.627398147069,0.00638864881336,task partition corpus,10000,33146,171416,3509362,17.1416,16.2277,True,current,resources/text//pos/1312395837.txt,/run/media/wolf/KIOXIA/SentencePartitioning/resources/text/pos/1312395837.txt
pos,lm-syllable,v8,4,f_score,0.581800533772,0.0449301333191,task partition corpus,10000,20022,274571,9005357,27.4571,25.5059,True,current,resources/text//pos/1312396523.txt,/run/media/wolf/KIOXIA/SentencePartitioning/resources/text/pos/1312396523.txt
pos,lm-syllable,v9,4,f_score,0.569290170201,0.0653321829412,task partition corpus,10000,18318,303022,10960480,30.3022,27.8014,True,current,resources/text//pos/1312397209.txt,/run/media/wolf/KIOXIA/SentencePartitioning/resources/text/pos/1312397209.txt
pos,lm-word,v1,10,f_score,0.0267056918454,0.00578700401629,task partition corpus,10000,39926,190978,4612374,19.0978,17.7807,True,current,resources/text//pos/249640291.txt,/run/media/wolf/KIOXIA/SentencePartitioning/resources/text/pos/249640291.txt
sentiment,frequent-ngram,v1,2,f_score,0.580097110472,0.00490246200446,task partition corpus,10000,34338,154252,2890158,15.4252,14.5412,True,current,resources/text//sentiment/175838085.txt,/run/media/wolf/KIOXIA/SentencePartitioning/resources/text/sentiment/175838085.txt
sentiment,frequent-ngram,v2,2,f_score,0.553256377102,0.00490246200446,task partition corpus,10000,34338,154252,2890158,15.4252,14.5412,True,current,resources/text//sentiment/175838771.txt,/run/media/wolf/KIOXIA/SentencePartitioning/resources/text/sentiment/175838771.txt
sentiment,frequent-ngram,v3,2,f_score,0.585580306176,0.00490246200446,task partition corpus,10000,34338,154252,2890158,15.4252,14.5412,True,current,resources/text//sentiment/175839457.txt,/run/media/wolf/KIOXIA/SentencePartitioning/resources/text/sentiment/175839457.txt
sentiment,frequent-ngram,v4,3,f_score,0.56236040483,0.00490246200446,task partition corpus,10000,34338,154252,2890158,15.4252,14.5412,True,current,resources/text//sentiment/175840542.txt,/run/media/wolf/KIOXIA/SentencePartitioning/resources/text/sentiment/175840542.txt
sentiment,frequent-ngram,v5,3,f_score,0.561975713819,0.00490246200446,task partition corpus,10000,34338,154252,2890158,15.4252,14.5412,True,current,resources/text//sentiment/175841228.txt,/run/media/wolf/KIOXIA/SentencePartitioning/resources/text/sentiment/175841228.txt
sentiment,frequent-ngram,v6,3,f_score,0.556610683576,0.00490246200446,task partition corpus,10000,34338,154252,2890158,15.4252,14.5412,True,current,resources/text//sentiment/175841914.txt,/run/media/wolf/KIOXIA/SentencePartitioning/resources/text/sentiment/175841914.txt
sentiment,frequent-ngram,v7,4,f_score,0.551513386684,0.00490246200446,task partition corpus,10000,34338,154252,2890158,15.4252,14.5412,True,current,resources/text//sentiment/175842999.txt,/run/media/wolf/KIOXIA/SentencePartitioning/resources/text/sentiment/175842999.txt
sentiment,frequent-ngram,v8,4,f_score,0.574342767092,0.00490246200446,task partition corpus,10000,34338,154252,2890158,15.4252,14.5412,True,current,resources/text//sentiment/175843685.txt,/run/media/wolf/KIOXIA/SentencePartitioning/resources/text/sentiment/175843685.txt
sentiment,frequent-ngram,v9,4,f_score,0.567692387441,0.00490246200446,task partition corpus,10000,34338,154252,2890158,15.4252,14.5412,True,current,resources/text//sentiment/175844371.txt,/run/media/wolf/KIOXIA/SentencePartitioning/resources/text/sentiment/175844371.txt
sentiment,lm-lemma,v1,2,f_score,0.637385306517,0.0210698593088,task partition corpus,10000,22685,211819,5421133,21.1819,19.5278,True,current,resources/text//sentiment/-1392569637.txt,/run/media/wolf/KIOXIA/SentencePartitioning/resources/text/sentiment/-1392569637.txt
sentiment,lm-lemma,v2,2,f_score,0.625718199097,0.0210698593088,task partition corpus,10000,22685,211819,5421133,21.1819,19.5278,True,current,resources/text//sentiment/-1392568951.txt,/run/media/wolf/KIOXIA/SentencePartitioning/resources/text/sentiment/-1392568951.txt
sentiment,lm-lemma,v3,2,f_score,0.606431380369,0.0210698593088,task partition corpus,10000,22685,211819,5421133,21.1819,19.5278,True,current,resources/text//sentiment/-1392568265.txt,/run/media/wolf/KIOXIA/SentencePartitioning/resources/text/sentiment/-1392568265.txt
sentiment,lm-lemma,v4,3,f_score,0.628651520827,0.0210160624711,task partition corpus,10000,22683,211448,5406338,21.1448,19.5073,True,current,resources/text//sentiment/-1392567180.txt,/run/media/wolf/KIOXIA/SentencePartitioning/resources/text/sentiment/-1392567180.txt
sentiment,lm-lemma,v5,3,f_score,0.633383929625,0.0210160624711,task partition corpus,10000,22683,211448,5406338,21.1448,19.5073,True,current,resources/text//sentiment/-1392566494.txt,/run/media/wolf/KIOXIA/SentencePartitioning/resources/text/sentiment/-1392566494.txt
sentiment,lm-lemma,v6,3,f_score,0.62019261333,0.0210160624711,task partition corpus,10000,22683,211448,5406338,21.1448,19.5073,True,current,resources/text//sentiment/-1392565808.txt,/run/media/wolf/KIOXIA/SentencePartitioning/resources/text/sentiment/-1392565808.txt
sentiment,lm-lemma,v7,4,f_score,0.633145275317,0.0209639454282,task partition corpus,10000,22683,211101,5392931,21.1101,19.5041,True,current,resources/text//sentiment/-1392564723.txt,/run/media/wolf/KIOXIA/SentencePartitioning/resources/text/sentiment/-1392564723.txt
sentiment,lm-lemma,v8,4,f_score,0.617644425991,0.0209639454282,task partition corpus,10000,22683,211101,5392931,21.1101,19.5041,True,current,resources/text//sentiment/-1392564037.txt,/run/media/wolf/KIOXIA/SentencePartitioning/resources/text/sentiment/-1392564037.txt
sentiment,lm-lemma,v9,4,f_score,0.615423425365,0.0209639454282,task partition corpus,10000,22683,211101,5392931,21.1101,19.5041,True,current,resources/text//sentiment/-1392563351.txt,/run/media/wolf/KIOXIA/SentencePartitioning/resources/text/sentiment/-1392563351.txt
sentiment,lm-lemma,v10,3,f_score,0.629874795504,0.0210160624711,task partition corpus,10000,22683,211448,5406338,21.1448,19.5073,True,current,resources/text//sentiment/-2079644288.txt,/run/media/wolf/KIOXIA/SentencePartitioning/resources/text/sentiment/-2079644288.txt
sentiment,lm-lemma,v11,3,f_score,0.635650582801,0.0210160624711,task partition corpus,10000,22683,211448,5406338,21.1448,19.5073,True,current,resources/text//sentiment/-1747506257.txt,/run/media/wolf/KIOXIA/SentencePartitioning/resources/text/sentiment/-1747506257.txt
sentiment,lm-lemma,v12,3,f_score,0.646935347752,0.0210160624711,task partition corpus,10000,22683,211448,5406338,21.1448,19.5073,True,current,resources/text//sentiment/1689808136.txt,/run/media/wolf/KIOXIA/SentencePartitioning/resources/text/sentiment/1689808136.txt
sentiment,lm-lemma,v13,3,f_score,0.622813492628,0.0210160624711,task partition corpus,10000,22683,211448,5406338,21.1448,19.5073,True,current,resources/text//sentiment/1363077970.txt,/run/media/wolf/KIOXIA/SentencePartitioning/resources/text/sentiment/1363077970.txt
sentiment,lm-lemma,v14,3,f_score,0.611386018133,0.0210160624711,task partition corpus,10000,22683,211448,5406338,21.1448,19.5073,True,current,resources/text//sentiment/941152357.txt,/run/media/wolf/KIOXIA/SentencePartitioning/resources/text/sentiment/941152357.txt
sentiment,lm-lemma,v15,3,f_score,0.626651362746,0.0210160624711,task partition corpus,10000,22683,211448,5406338,21.1448,19.5073,True,current,resources/text//sentiment/1273290388.txt,/run/media/wolf/KIOXIA/SentencePartitioning/resources/text/sentiment/1273290388.txt
sentiment,lm-lemma,v16,3,f_score,0.625406491221,0.0210160624711,task partition corpus,10000,22683,211448,5406338,21.1448,19.5073,True,current,resources/text//sentiment/415637485.txt,/run/media/wolf/KIOXIA/SentencePartitioning/resources/text/sentiment/415637485.txt
sentiment,lm-lemma,v17,3,f_score,0.634552518197,0.0210160624711,task partition corpus,10000,22683,211448,5406338,21.1448,19.5073,True,current,resources/text//sentiment/88907319.txt,/run/media/wolf/KIOXIA/SentencePartitioning/resources/text/sentiment/88907319.txt
sentiment,lm-lemma,v18,3,f_score,0.62695831233,0.0210160624711,task partition corpus,10000,22683,211448,5406338,21.1448,19.5073,True,current,resources/text//sentiment/2119117743.txt,/run/media/wolf/KIOXIA/SentencePartitioning/resources/text/sentiment/2119117743.txt
sentiment,lm-lemma,v19,3,f_score,0.633719918882,0.0210160624711,task partition corpus,10000,22683,211448,5406338,21.1448,19.5073,True,current,resources/text//sentiment/1261464840.txt,/run/media/wolf/KIOXIA/SentencePartitioning/resources/text/sentiment/1261464840.txt
sentiment,lm-lemma,v20,3,f_score,0.620895203222,0.0210160624711,task partition corpus,10000,22683,211448,5406338,21.1448,19.5073,True,current,resources/text//sentiment/934734674.txt,/run/media/wolf/KIOXIA/SentencePartitioning/resources/text/sentiment/934734674.txt
sentiment,lm-lemma,v21,3,f_score,0.635190656986,0.0210160624711,task partition corpus,10000,22683,211448,5406338,21.1448,19.5073,True,current,resources/text//sentiment/-1782897280.txt,/run/media/wolf/KIOXIA/SentencePartitioning/resources/text/sentiment/-1782897280.txt
sentiment,lm-lemma,v22,3,f_score,0.627702420218,0.0210160624711,task partition corpus,10000,22683,211448,5406338,21.1448,19.5073,True,current,resources/text//sentiment/-1450759249.txt,/run/media/wolf/KIOXIA/SentencePartitioning/resources/text/sentiment/-1450759249.txt
sentiment,lm-lemma,v23,3,f_score,0.626573965891,0.0210160624711,task partition corpus,10000,22683,211448,5406338,21.1448,19.5073,True,current,resources/text//sentiment/1986555144.txt,/run/media/wolf/KIOXIA/SentencePartitioning/resources/text/sentiment/1986555144.txt
sentiment,lm-lemma,v24,3,f_score,0.619633225643,0.0210160624711,task partition corpus,10000,22683,211448,5406338,21.1448,19.5073,True,current,resources/text//sentiment/1659824978.txt,/run/media/wolf/KIOXIA/SentencePartitioning/resources/text/sentiment/1659824978.txt
sentiment,lm-lemma,v25,3,f_score,0.615608303412,0.0210160624711,task partition corpus,10000,22683,211448,5406338,21.1448,19.5073,True,current,resources/text//sentiment/-1189403264.txt,/run/media/wolf/KIOXIA/SentencePartitioning/resources/text/sentiment/-1189403264.txt
sentiment,lm-lemma,v26,3,f_score,0.636216511928,0.0210160624711,task partition corpus,10000,22683,211448,5406338,21.1448,19.5073,True,current,resources/text//sentiment/-857265233.txt,/run/media/wolf/KIOXIA/SentencePartitioning/resources/text/sentiment/-857265233.txt
sentiment,lm-lemma,v27,3,f_score,0.638457789749,0.0210160624711,task partition corpus,10000,22683,211448,5406338,21.1448,19.5073,True,current,resources/text//sentiment/-1714918136.txt,/run/media/wolf/KIOXIA/SentencePartitioning/resources/text/sentiment/-1714918136.txt
sentiment,lm-lemma,v28,3,f_score,0.624693089943,0.0210160624711,task partition corpus,10000,22683,211448,5406338,21.1448,19.5073,True,current,resources/text//sentiment/-2041648302.txt,/run/media/wolf/KIOXIA/SentencePartitioning/resources/text/sentiment/-2041648302.txt
sentiment,lm-rank,v1,2,f_score,0.610352061187,0.0703430800875,task partition corpus,10000,15440,263619,8384127,26.3619,24.3073,True,current,resources/text//sentiment/249431159.txt,/run/media/wolf/KIOXIA/SentencePartitioning/resources/text/sentiment/249431159.txt
sentiment,lm-rank,v2,2,f_score,0.603944106895,0.0534416771084,task partition corpus,10000,20152,299395,10850877,29.9395,27.1429,True,current,resources/text//sentiment/249431845.txt,/run/media/wolf/KIOXIA/SentencePartitioning/resources/text/sentiment/249431845.txt
sentiment,lm-rank,v3,2,f_score,0.607960084047,0.0386687815659,task partition corpus,10000,23583,297830,10752518,29.783,27.1431,True,current,resources/text//sentiment/249432531.txt,/run/media/wolf/KIOXIA/SentencePartitioning/resources/text/sentiment/249432531.txt
sentiment,lm-rank,v4,3,f_score,0.609934708699,0.0730345329462,task partition corpus,10000,15471,268940,8739910,26.894,24.661,True,current,resources/text//sentiment/249433616.txt,/run/media/wolf/KIOXIA/SentencePartitioning/resources/text/sentiment/249433616.txt
sentiment,lm-rank,v5,3,f_score,0.59276397302,0.0565200733619,task partition corpus,10000,20133,307365,11454289,30.7365,27.545,True,current,resources/text//sentiment/249434302.txt,/run/media/wolf/KIOXIA/SentencePartitioning/resources/text/sentiment/249434302.txt
sentiment,lm-rank,v6,3,f_score,0.599763401716,0.0406520829169,task partition corpus,10000,23653,306028,11371216,30.6028,27.506,True,current,resources/text//sentiment/249434988.txt,/run/media/wolf/KIOXIA/SentencePartitioning/resources/text/sentiment/249434988.txt
sentiment,lm-rank,v7,4,f_score,0.625708420321,0.0730345329462,task partition corpus,10000,15471,268940,8739910,26.894,24.661,True,current,resources/text//sentiment/249436073.txt,/run/media/wolf/KIOXIA/SentencePartitioning/resources/text/sentiment/249436073.txt
sentiment,lm-rank,v8,4,f_score,0.614065843382,0.0568695374095,task partition corpus,10000,20738,316857,12228199,31.6857,27.5586,True,current,resources/text//sentiment/249436759.txt,/run/media/wolf/KIOXIA/SentencePartitioning/resources/text/sentiment/249436759.txt
sentiment,lm-rank,v9,4,f_score,0.615280429532,0.0395502481586,task partition corpus,10000,24649,313996,12014348,31.3996,27.2403,True,current,resources/text//sentiment/249437445.txt,/run/media/wolf/KIOXIA/SentencePartitioning/resources/text/sentiment/249437445.txt
sentiment,lm-rank,v10,3,f_score,0.608788307947,0.0730345329462,task partition corpus,10000,15471,268940,8739910,26.894,24.661,True,current,resources/text//sentiment/-437643492.txt,/run/media/wolf/KIOXIA/SentencePartitioning/resources/text/sentiment/-437643492.txt
sentiment,lm-rank,v11,3,f_score,0.603412065133,0.0721786712089,task partition corpus,10000,15430,266791,8591769,26.6791,24.5171,True,current,resources/text//sentiment/-105505461.txt,/run/media/wolf/KIOXIA/SentencePartitioning/resources/text/sentiment/-105505461.txt
sentiment,lm-rank,v12,3,f_score,0.618265192083,0.0724111482364,task partition corpus,10000,15449,267485,8640683,26.7485,24.5662,True,current,resources/text//sentiment/-963158364.txt,/run/media/wolf/KIOXIA/SentencePartitioning/resources/text/sentiment/-963158364.txt
sentiment,lm-rank,v13,3,f_score,0.614529011176,0.0722939357596,task partition corpus,10000,15444,267211,8621113,26.7211,24.5463,True,current,resources/text//sentiment/-1289888530.txt,/run/media/wolf/KIOXIA/SentencePartitioning/resources/text/sentiment/-1289888530.txt
sentiment,lm-rank,v14,3,f_score,0.612632305372,0.0590765056925,task partition corpus,10000,19721,307831,11487371,30.7831,27.5702,True,current,resources/text//sentiment/-1711814143.txt,/run/media/wolf/KIOXIA/SentencePartitioning/resources/text/sentiment/-1711814143.txt
sentiment,lm-rank,v15,3,f_score,0.612582185545,0.0569680140386,task partition corpus,10000,20017,306750,11412410,30.675,27.5065,True,current,resources/text//sentiment/-1379676112.txt,/run/media/wolf/KIOXIA/SentencePartitioning/resources/text/sentiment/-1379676112.txt
sentiment,lm-rank,v16,3,f_score,0.613279519709,0.0576982173376,task partition corpus,10000,19907,307040,11432000,30.704,27.5217,True,current,resources/text//sentiment/2057638281.txt,/run/media/wolf/KIOXIA/SentencePartitioning/resources/text/sentiment/2057638281.txt
sentiment,lm-rank,v17,3,f_score,0.625213235156,0.058013469473,task partition corpus,10000,19847,306948,11425276,30.6948,27.5176,True,current,resources/text//sentiment/1730908115.txt,/run/media/wolf/KIOXIA/SentencePartitioning/resources/text/sentiment/1730908115.txt
sentiment,lm-rank,v18,3,f_score,0.612741733422,0.056249678589,task partition corpus,10000,20164,307062,11434624,30.7062,27.5271,True,current,resources/text//sentiment/-533848757.txt,/run/media/wolf/KIOXIA/SentencePartitioning/resources/text/sentiment/-533848757.txt
sentiment,lm-rank,v19,3,f_score,0.617744506744,0.0563238480685,task partition corpus,10000,20157,307163,11441753,30.7163,27.5327,True,current,resources/text//sentiment/-1391501660.txt,/run/media/wolf/KIOXIA/SentencePartitioning/resources/text/sentiment/-1391501660.txt
sentiment,lm-rank,v20,3,f_score,0.614957971284,0.0563581716472,task partition corpus,10000,20148,307126,11438504,30.7126,27.5295,True,current,resources/text//sentiment/-1718231826.txt,/run/media/wolf/KIOXIA/SentencePartitioning/resources/text/sentiment/-1718231826.txt
sentiment,lm-rank,v21,3,f_score,0.605059116763,0.0561636181176,task partition corpus,10000,20177,307050,11431856,30.705,27.5278,True,current,resources/text//sentiment/-140896484.txt,/run/media/wolf/KIOXIA/SentencePartitioning/resources/text/sentiment/-140896484.txt
sentiment,lm-rank,v22,3,f_score,0.577308929268,0.0560491256598,task partition corpus,10000,20192,306957,11425521,30.6957,27.5203,True,current,resources/text//sentiment/191241547.txt,/run/media/wolf/KIOXIA/SentencePartitioning/resources/text/sentiment/191241547.txt
sentiment,lm-rank,v23,3,f_score,0.612739052484,0.0561009581309,task partition corpus,10000,20185,306993,11428159,30.6993,27.5229,True,current,resources/text//sentiment/-666411356.txt,/run/media/wolf/KIOXIA/SentencePartitioning/resources/text/sentiment/-666411356.txt
sentiment,lm-rank,v24,3,f_score,0.626831153398,0.0560906090083,task partition corpus,10000,20186,306981,11427183,30.6981,27.5226,True,current,resources/text//sentiment/-993141522.txt,/run/media/wolf/KIOXIA/SentencePartitioning/resources/text/sentiment/-993141522.txt
sentiment,lm-rank,v25,3,f_score,0.605226226708,0.055956510383,task partition corpus,10000,20187,306657,11400993,30.6657,27.5187,True,current,resources/text//sentiment/452597532.txt,/run/media/wolf/KIOXIA/SentencePartitioning/resources/text/sentiment/452597532.txt
sentiment,lm-rank,v26,3,f_score,0.599041836781,0.0559031897263,task partition corpus,10000,20193,306601,11396901,30.6601,27.5144,True,current,resources/text//sentiment/784735563.txt,/run/media/wolf/KIOXIA/SentencePartitioning/resources/text/sentiment/784735563.txt
sentiment,lm-rank,v27,3,f_score,0.621682751956,0.0559407591329,task partition corpus,10000,20188,306627,11398913,30.6627,27.5162,True,current,resources/text//sentiment/-72917340.txt,/run/media/wolf/KIOXIA/SentencePartitioning/resources/text/sentiment/-72917340.txt
sentiment,lm-rank,v28,3,f_score,0.60773035345,0.0559249858525,task partition corpus,10000,20190,306615,11397957,30.6615,27.5154,True,current,resources/text//sentiment/-399647506.txt,/run/media/wolf/KIOXIA/SentencePartitioning/resources/text/sentiment/-399647506.txt
sentiment,lm-skip,v1,2,f_score,0.664705983605,0.0342173459352,task partition corpus,10000,18352,217963,5761817,21.7963,20.4533,True,current,resources/text//sentiment/249470410.txt,/run/media/wolf/KIOXIA/SentencePartitioning/resources/text/sentiment/249470410.txt
sentiment,lm-skip,v2,2,f_score,0.611256633477,0.14096358459,task partition corpus,10000,13987,337384,13787802,33.7384,30.3949,True,current,resources/text//sentiment/249471096.txt,/run/media/wolf/KIOXIA/SentencePartitioning/resources/text/sentiment/249471096.txt
sentiment,lm-skip,v3,2,f_score,0.600008156197,0.163318688835,task partition corpus,10000,14273,370172,16634356,37.0172,31.6262,True,current,resources/text//sentiment/249471782.txt,/run/media/wolf/KIOXIA/SentencePartitioning/resources/text/sentiment/249471782.txt
sentiment,lm-skip,v4,3,f_score,0.678592423233,0.0342173459352,task partition corpus,10000,18352,217963,5761817,21.7963,20.4533,True,current,resources/text//sentiment/249472867.txt,/run/media/wolf/KIOXIA/SentencePartitioning/resources/text/sentiment/249472867.txt
sentiment,lm-skip,v5,3,f_score,0.622700533417,0.14096358459,task partition corpus,10000,13987,337384,13787802,33.7384,30.3949,True,current,resources/text//sentiment/249473553.txt,/run/media/wolf/KIOXIA/SentencePartitioning/resources/text/sentiment/249473553.txt
sentiment,lm-skip,v6,3,f_score,0.617792726285,0.163318688835,task partition corpus,10000,14273,370172,16634356,37.0172,31.6262,True,current,resources/text//sentiment/249474239.txt,/run/media/wolf/KIOXIA/SentencePartitioning/resources/text/sentiment/249474239.txt
sentiment,lm-skip,v7,4,f_score,0.648282533142,0.0342173459352,task partition corpus,10000,18352,217963,5761817,21.7963,20.4533,True,current,resources/text//sentiment/249475324.txt,/run/media/wolf/KIOXIA/SentencePartitioning/resources/text/sentiment/249475324.txt
sentiment,lm-skip,v8,4,f_score,0.620892942658,0.14096358459,task partition corpus,10000,13987,337384,13787802,33.7384,30.3949,True,current,resources/text//sentiment/249476010.txt,/run/media/wolf/KIOXIA/SentencePartitioning/resources/text/sentiment/249476010.txt
sentiment,lm-skip,v9,4,f_score,0.621867725135,0.163318688835,task partition corpus,10000,14273,370172,16634356,37.0172,31.6262,True,current,resources/text//sentiment/249476696.txt,/run/media/wolf/KIOXIA/SentencePartitioning/resources/text/sentiment/249476696.txt
sentiment,lm-subword,v1,2,f_score,0.653931554071,0.00540147710664,task partition corpus,10000,34299,161492,3177114,16.1492,15.2373,True,current,resources/text//sentiment/74555517.txt,/run/media/wolf/KIOXIA/SentencePartitioning/resources/text/sentiment/74555517.txt
sentiment,lm-subword,v2,2,f_score,0.622010550773,0.0162043936623,task partition corpus,10000,30470,248376,7522002,24.8376,23.4845,True,current,resources/text//sentiment/74556203.txt,/run/media/wolf/KIOXIA/SentencePartitioning/resources/text/sentiment/74556203.txt
sentiment,lm-subword,v3,2,f_score,0.599383333833,0.0221229337765,task partition corpus,10000,29969,285229,9934425,28.5229,26.2134,True,current,resources/text//sentiment/74556889.txt,/run/media/wolf/KIOXIA/SentencePartitioning/resources/text/sentiment/74556889.txt
sentiment,lm-subword,v4,3,f_score,0.66966549801,0.00540147710664,task partition corpus,10000,34299,161492,3177114,16.1492,15.2373,True,current,resources/text//sentiment/74557974.txt,/run/media/wolf/KIOXIA/SentencePartitioning/resources/text/sentiment/74557974.txt
sentiment,lm-subword,v5,3,f_score,0.606105103481,0.0160634813082,task partition corpus,10000,30589,248235,7514949,24.8235,23.4885,True,current,resources/text//sentiment/74558660.txt,/run/media/wolf/KIOXIA/SentencePartitioning/resources/text/sentiment/74558660.txt
sentiment,lm-subword,v6,3,f_score,0.609024319516,0.0220257812317,task partition corpus,10000,30014,285052,9920524,28.5052,26.1865,True,current,resources/text//sentiment/74559346.txt,/run/media/wolf/KIOXIA/SentencePartitioning/resources/text/sentiment/74559346.txt
sentiment,lm-subword,v7,4,f_score,0.661129988307,0.00540147710664,task partition corpus,10000,34299,161492,3177114,16.1492,15.2373,True,current,resources/text//sentiment/74560431.txt,/run/media/wolf/KIOXIA/SentencePartitioning/resources/text/sentiment/74560431.txt
sentiment,lm-subword,v8,4,f_score,0.619041698271,0.0161207224066,task partition corpus,10000,30495,247867,7495447,24.7867,23.4424,True,current,resources/text//sentiment/74561117.txt,/run/media/wolf/KIOXIA/SentencePartitioning/resources/text/sentiment/74561117.txt
sentiment,lm-subword,v9,4,f_score,0.612282873673,0.0222039001756,task partition corpus,10000,29968,285642,9970118,28.5642,26.2279,True,current,resources/text//sentiment/74561803.txt,/run/media/wolf/KIOXIA/SentencePartitioning/resources/text/sentiment/74561803.txt
sentiment,lm-subword,v10,3,f_score,0.6260425494,0.0160063708641,task partition corpus,10000,30622,247957,7504397,24.7957,23.4579,True,current,resources/text//sentiment/113265181.txt,/run/media/wolf/KIOXIA/SentencePartitioning/resources/text/sentiment/113265181.txt
sentiment,lm-subword,v11,3,f_score,0.610326833291,0.016143300038,task partition corpus,10000,30533,248309,7524663,24.8309,23.4922,True,current,resources/text//sentiment/117382896.txt,/run/media/wolf/KIOXIA/SentencePartitioning/resources/text/sentiment/117382896.txt
sentiment,lm-subword,v12,3,f_score,0.609594475871,0.0160212206562,task partition corpus,10000,30628,248125,7514303,24.8125,23.4753,True,current,resources/text//sentiment/125618326.txt,/run/media/wolf/KIOXIA/SentencePartitioning/resources/text/sentiment/125618326.txt
sentiment,lm-syllable,v1,2,f_score,0.661312291717,0.00652483920316,task partition corpus,10000,32036,165654,3348134,16.5654,15.6337,True,current,resources/text//sentiment/1312390923.txt,/run/media/wolf/KIOXIA/SentencePartitioning/resources/text/sentiment/1312390923.txt
sentiment,lm-syllable,v2,2,f_score,0.635141939267,0.044668460368,task partition corpus,10000,19464,263778,8460828,26.3778,24.4621,True,current,resources/text//sentiment/1312391609.txt,/run/media/wolf/KIOXIA/SentencePartitioning/resources/text/sentiment/1312391609.txt
sentiment,lm-syllable,v3,2,f_score,0.604264684799,0.0637710622951,task partition corpus,10000,17962,290838,10286766,29.0838,26.6415,True,current,resources/text//sentiment/1312392295.txt,/run/media/wolf/KIOXIA/SentencePartitioning/resources/text/sentiment/1312392295.txt
sentiment,lm-syllable,v4,3,f_score,0.644223505122,0.00652483920316,task partition corpus,10000,32036,165654,3348134,16.5654,15.6337,True,current,resources/text//sentiment/1312393380.txt,/run/media/wolf/KIOXIA/SentencePartitioning/resources/text/sentiment/1312393380.txt
sentiment,lm-syllable,v5,3,f_score,0.613722942285,0.0446836223901,task partition corpus,10000,19461,263781,8461091,26.3781,24.4627,True,current,resources/text//sentiment/1312394066.txt,/run/media/wolf/KIOXIA/SentencePartitioning/resources/text/sentiment/1312394066.txt
sentiment,lm-syllable,v6,3,f_score,0.616150653965,0.0638008769052,task partition corpus,10000,17958,290840,10286992,29.084,26.6416,True,current,resources/text//sentiment/1312394752.txt,/run/media/wolf/KIOXIA/SentencePartitioning/resources/text/sentiment/1312394752.txt
sentiment,lm-syllable,v7,4,f_score,0.656829646377,0.00652483920316,task partition corpus,10000,32036,165654,3348134,16.5654,15.6337,True,current,resources/text//sentiment/1312395837.txt,/run/media/wolf/KIOXIA/SentencePartitioning/resources/text/sentiment/1312395837.txt
sentiment,lm-syllable,v8,4,f_score,0.62006571957,0.0446929403358,task partition corpus,10000,19459,263782,8461116,26.3782,24.4635,True,current,resources/text//sentiment/1312396523.txt,/run/media/wolf/KIOXIA/SentencePartitioning/resources/text/sentiment/1312396523.txt
sentiment,lm-syllable,v9,4,f_score,0.612591919976,0.0639438142516,task partition corpus,10000,17938,290842,10287086,29.0842,26.6424,True,current,resources/text//sentiment/1312397209.txt,/run/media/wolf/KIOXIA/SentencePartitioning/resources/text/sentiment/1312397209.txt
sentiment,lm-word,v1,10,f_score,0.651535472969,0.00583885410768,task partition corpus,10000,38497,183038,4326534,18.3038,16.992,True,current,resources/text//sentiment/249640291.txt,/run/media/wolf/KIOXIA/SentencePartitioning/resources/text/sentiment/249640291.txt
